year,calendar_year,population_size,birth_count,births_per_population,births_per_eligible,births_per_matched_pair,death_count,matched_pair_count,new_pair_count,active_pair_count,unmatched_rate,mean_visible_candidate_count,median_visible_candidate_count,mean_perceived_candidate_count,median_perceived_candidate_count,mean_actionable_candidate_count,action_coverage_rate,visibility_action_gap,mean_selected_actionable_share,mean_selection_quota,mean_selection_acceptance_share,mean_phantom_candidate_count,mean_sampled_phantom_candidate_count,mean_selected_phantom_count,mean_phantom_selection_share,candidate_pool_multiplier,visibility_coverage_rate,theoretical_area_coverage,effective_birth_probability,selection_worker_count,action_radius,blocked_mutual_pair_count,trait_mean,trait_variance,trait_diversity,reproductive_concentration,effective_parent_count,visibility_radius,variant,label,seed
1,1980,2545,45,0.017682,0.042776,0.090726,0,496,6,525,0.057034,0.318182,0.0,0.318182,0.0,0.318182,0.0074,0.0,0.295455,0.318182,0.295455,0.0,0.0,0.0,0.0,1.0,0.0074,0.001257,0.086667,1,0.12,0,0.000791,0.981359,2.215129,0.96764,82.653061,0.02,no_phantom_replay,Do not replay phantom candidates,42
2,1981,2554,40,0.015662,0.037915,0.087146,31,459,45,518,0.129858,1.029586,1.0,1.029586,1.0,1.029586,0.006128,0.0,0.585799,1.029586,0.585799,0.0,0.0,0.0,0.0,1.0,0.006128,0.001257,0.08648,1,0.12,0,0.001761,0.976472,2.209606,0.970204,76.190476,0.02,no_phantom_replay,Do not replay phantom candidates,42
3,1982,2564,36,0.014041,0.03445,0.083333,26,432,39,527,0.173206,0.769231,1.0,0.769231,1.0,0.769231,0.004579,0.0,0.502959,0.769231,0.502959,0.0,0.0,0.0,0.0,1.0,0.004579,0.001257,0.086293,1,0.12,0,0.002736,0.967906,2.199893,0.973436,68.210526,0.02,no_phantom_replay,Do not replay phantom candidates,42
4,1983,2571,40,0.015558,0.038168,0.096386,33,415,38,533,0.208015,0.863388,1.0,0.863388,1.0,0.863388,0.004744,0.0,0.513661,0.863388,0.513661,0.0,0.0,0.0,0.0,1.0,0.004744,0.001257,0.086253,1,0.12,0,0.00433,0.963938,2.195379,0.97184,72.727273,0.02,no_phantom_replay,Do not replay phantom candidates,42
5,1984,2583,29,0.011227,0.027593,0.070218,17,413,58,547,0.214082,1.302326,1.0,1.302326,1.0,1.302326,0.006086,0.0,0.618605,1.302326,0.618605,0.0,0.0,0.0,0.0,1.0,0.006086,0.001257,0.085947,1,0.12,0,0.005706,0.958643,2.189341,0.979041,54.258065,0.02,no_phantom_replay,Do not replay phantom candidates,42
6,1985,2591,39,0.015052,0.037356,0.0975,31,400,49,554,0.233716,0.964467,1.0,0.964467,1.0,0.964467,0.004921,0.0,0.568528,0.964467,0.568528,0.0,0.0,0.0,0.0,1.0,0.004921,0.001257,0.085973,1,0.12,0,0.006315,0.952149,2.181913,0.972825,70.744186,0.02,no_phantom_replay,Do not replay phantom candidates,42
7,1986,2600,30,0.011538,0.028763,0.076923,21,390,30,558,0.252157,0.662722,0.0,0.662722,0.0,0.662722,0.003945,0.0,0.402367,0.662722,0.402367,0.0,0.0,0.0,0.0,1.0,0.003945,0.001257,0.085733,1,0.12,0,0.006422,0.945063,2.173779,0.979795,52.941176,0.02,no_phantom_replay,Do not replay phantom candidates,42
8,1987,2608,24,0.009202,0.022835,0.061069,16,393,47,569,0.252141,0.95098,1.0,0.95098,1.0,0.95098,0.004685,0.0,0.529412,0.95098,0.529412,0.0,0.0,0.0,0.0,1.0,0.004685,0.001257,0.085547,1,0.12,0,0.006237,0.938948,2.166735,0.981595,48.0,0.02,no_phantom_replay,Do not replay phantom candidates,42
9,1988,2614,33,0.012624,0.031946,0.087071,27,379,28,569,0.266215,0.670588,0.0,0.670588,0.0,0.670588,0.003968,0.0,0.4,0.670588,0.4,0.0,0.0,0.0,0.0,1.0,0.003968,0.001257,0.085587,1,0.12,0,0.007168,0.934708,2.161837,0.977626,58.864865,0.02,no_phantom_replay,Do not replay phantom candidates,42
10,1989,2624,33,0.012576,0.03229,0.090411,23,365,29,576,0.285714,0.576471,0.0,0.576471,0.0,0.576471,0.003411,0.0,0.4,0.576471,0.4,0.0,0.0,0.0,0.0,1.0,0.003411,0.001257,0.085453,1,0.12,0,0.006025,0.928406,2.154538,0.974848,66.0,0.02,no_phantom_replay,Do not replay phantom candidates,42
11,1990,2637,35,0.013273,0.034213,0.096953,22,361,32,583,0.294233,0.651685,0.0,0.651685,0.0,0.651685,0.003682,0.0,0.410112,0.651685,0.410112,0.0,0.0,0.0,0.0,1.0,0.003682,0.001257,0.085307,1,0.12,0,0.005804,0.921932,2.147011,0.974928,66.216216,0.02,no_phantom_replay,Do not replay phantom candidates,42
12,1991,2647,31,0.011711,0.030632,0.089337,21,347,34,591,0.314229,0.711111,0.0,0.711111,0.0,0.711111,0.003973,0.0,0.444444,0.711111,0.444444,0.0,0.0,0.0,0.0,1.0,0.003973,0.001257,0.08512,1,0.12,0,0.00687,0.916707,2.140919,0.980672,51.945946,0.02,no_phantom_replay,Do not replay phantom candidates,42
13,1992,2654,27,0.010173,0.026445,0.077364,20,349,30,594,0.316357,0.716578,0.0,0.716578,0.0,0.716578,0.003853,0.0,0.427807,0.716578,0.427807,0.0,0.0,0.0,0.0,1.0,0.003853,0.001257,0.084973,1,0.12,0,0.007152,0.913537,2.137215,0.984789,41.657143,0.02,no_phantom_replay,Do not replay phantom candidates,42
14,1993,2676,36,0.013453,0.035088,0.103746,14,347,38,595,0.323587,0.885714,0.0,0.885715,0.0,0.885714,0.004238,0.0,0.442857,0.885714,0.442857,0.0,0.0,0.0,0.0,1.000001,0.004238,0.001257,0.0848,1,0.12,0,0.007311,0.906988,2.12954,0.975918,64.8,0.02,no_phantom_replay,Do not replay phantom candidates,42
15,1994,2687,30,0.011165,0.029557,0.08982,19,334,22,590,0.341872,0.548387,0.0,0.548388,0.0,0.548387,0.002964,0.0,0.306452,0.548387,0.306451,0.0,0.0,0.0,0.0,1.000002,0.002964,0.001257,0.084573,1,0.12,0,0.008194,0.89992,2.121226,0.97767,60.0,0.02,no_phantom_replay,Do not replay phantom candidates,42
16,1995,2694,30,0.011136,0.029354,0.087464,23,343,31,593,0.328767,0.575758,0.0,0.575761,0.0,0.575758,0.002923,0.0,0.348485,0.575758,0.348483,0.0,0.0,0.0,0.0,1.000006,0.002923,0.001257,0.08448,1,0.12,0,0.007665,0.895562,2.116084,0.981737,50.0,0.020002,no_phantom_replay,Do not replay phantom candidates,42
17,1996,2703,30,0.011099,0.02924,0.087719,21,342,32,599,0.333333,0.492754,0.0,0.492763,0.0,0.492754,0.002392,0.0,0.362319,0.492754,0.362312,0.0,0.0,0.0,0.0,1.00002,0.002392,0.001257,0.08436,1,0.12,0,0.007487,0.889542,2.108959,0.980565,52.941176,0.020005,no_phantom_replay,Do not replay phantom candidates,42
18,1997,2712,27,0.009956,0.026419,0.079412,18,340,30,607,0.334638,0.420513,0.0,0.420539,0.0,0.420513,0.002168,0.0,0.34359,0.420513,0.343568,0.0,0.0,0.0,0.0,1.000062,0.002168,0.001259,0.0842,1,0.12,0,0.007849,0.885711,2.104414,0.98282,47.032258,0.020015,no_phantom_replay,Do not replay phantom candidates,42
19,1998,2724,37,0.013583,0.035992,0.106322,25,348,40,618,0.322957,0.805687,0.0,0.805844,0.0,0.805687,0.003837,0.0,0.473934,0.805687,0.473841,0.0,0.0,0.0,0.0,1.000195,0.003837,0.001263,0.084173,1,0.12,0,0.008344,0.881106,2.098935,0.978073,60.844444,0.020048,no_phantom_replay,Do not replay phantom candidates,42
20,1999,2730,30,0.010989,0.02907,0.08547,24,351,34,620,0.319767,0.625641,0.0,0.626023,0.0,0.625641,0.003225,0.0,0.379487,0.625641,0.379256,0.0,0.0,0.0,0.0,1.00061,0.003225,0.001275,0.084,1,0.12,0,0.009194,0.877483,2.094616,0.979438,56.25,0.020149,no_phantom_replay,Do not replay phantom candidates,42
21,2000,2737,33,0.012057,0.032353,0.098214,26,336,24,623,0.341176,0.483516,0.0,0.484442,0.0,0.483516,0.002671,0.0,0.313187,0.483516,0.312588,0.0,0.0,0.0,0.0,1.001915,0.002671,0.001316,0.083947,1,0.12,0,0.009134,0.871463,2.087418,0.979872,55.846154,0.020468,no_phantom_replay,Do not replay phantom candidates,42
22,2001,2745,32,0.011658,0.03125,0.094955,24,337,33,631,0.341797,0.614583,0.0,0.618278,0.0,0.614583,0.003218,0.0,0.411458,0.614583,0.409,0.0,0.0,0.0,0.0,1.006012,0.003218,0.001447,0.083827,1,0.12,0,0.008486,0.861623,2.0756,0.978097,60.235294,0.021465,no_phantom_replay,Do not replay phantom candidates,42
23,2002,2737,26,0.009499,0.02544,0.074286,34,350,50,636,0.315068,1.116505,1.0,1.137639,1.018929,1.116505,0.005446,0.0,0.587379,1.116505,0.576467,0.0,0.0,0.0,0.0,1.018929,0.005446,0.001899,0.083853,1,0.12,0,0.009346,0.856365,2.069257,0.982406,48.285714,0.024584,no_phantom_replay,Do not replay phantom candidates,42
24,2003,2740,33,0.012044,0.031946,0.088235,30,374,53,660,0.275895,1.977143,2.0,2.096028,2.120259,1.977143,0.011363,0.0,0.748571,1.977143,0.706113,0.0,0.0,0.0,0.0,1.06013,0.011363,0.00369,0.083907,1,0.12,0,0.008408,0.851434,2.063291,0.978655,58.864865,0.034273,no_phantom_replay,Do not replay phantom candidates,42
25,2004,2758,41,0.014866,0.040117,0.105398,23,389,58,681,0.238748,5.347518,5.0,6.396898,5.981185,5.347518,0.038197,0.0,0.813448,6.397163,0.934218,1.049645,1.049645,1.049645,0.136907,1.196237,0.038197,0.012787,0.083773,1,0.12,0,0.006691,0.841286,2.050958,0.975504,68.612245,0.063798,no_phantom_replay,Do not replay phantom candidates,42
26,2005,2761,31,0.011228,0.030542,0.078283,28,396,29,688,0.219704,9.114286,8.0,15.430969,13.544424,7.514286,0.108903,0.023188,0.481675,12.585714,0.882067,6.328571,6.328571,5.242857,0.412143,1.693053,0.132091,0.06947,0.0836,1,0.12,39,0.007002,0.836246,2.044805,0.980255,54.914286,0.148704,no_phantom_replay,Do not replay phantom candidates,42
27,2006,2750,24,0.008727,0.023857,0.067416,35,356,7,654,0.292247,32.808989,34.0,130.30206,135.032204,8.764045,0.099591,0.273238,0.089888,16.0,0.168914,97.539326,57.606742,10.988764,0.686798,3.971535,0.372829,0.400652,0.083653,1,0.12,24,0.007425,0.832805,2.040594,0.985212,41.142857,0.357116,no_phantom_replay,Do not replay phantom candidates,42
28,2007,2752,25,0.009084,0.0249,0.075758,23,330,4,630,0.342629,101.162791,108.0,1752.190933,1870.614872,15.162791,0.118459,0.671875,0.062984,16.0,0.009822,1650.976744,64.0,9.186047,0.574128,17.320508,0.790334,1.0,0.08364,1,0.12,28,0.008618,0.829152,2.036114,0.984506,43.103448,0.717107,no_phantom_replay,Do not replay phantom candidates,42
29,2008,2742,23,0.008388,0.023023,0.07541,33,305,3,607,0.389389,170.802326,171.0,12901.986892,12916.918731,19.755814,0.115531,0.883313,0.061773,16.0,0.00124,12731.238372,64.0,6.755814,0.422238,75.537536,0.998844,1.0,0.083747,1,0.12,41,0.007913,0.826284,2.03259,0.983224,46.0,1.077098,no_phantom_replay,Do not replay phantom candidates,42
30,2009,2735,17,0.006216,0.017137,0.060498,24,281,3,574,0.433468,221.0,221.0,39160.025217,39160.025217,25.675676,0.11618,0.88382,0.065597,16.0,0.000409,38939.0,64.0,6.144144,0.384009,177.194684,1.0,1.0,0.08376,1,0.12,51,0.008143,0.820697,2.025706,0.987569,34.0,1.285509,no_phantom_replay,Do not replay phantom candidates,42
31,2010,2721,26,0.009555,0.026558,0.103175,40,252,2,539,0.485189,272.0,272.0,68213.911366,68213.911366,32.776557,0.120502,0.879498,0.067995,16.0,0.000235,67942.0,64.0,6.410256,0.400641,250.786439,1.0,1.0,0.084067,1,0.12,42,0.007667,0.815797,2.01965,0.982303,48.285714,1.370415,no_phantom_replay,Do not replay phantom candidates,42
32,2011,2715,23,0.008471,0.02359,0.098712,29,233,0,513,0.522051,315.0,315.0,89140.036358,89140.036358,37.329114,0.118505,0.881495,0.06784,16.0,0.000179,88825.0,64.0,6.477848,0.404866,282.984242,1.0,1.0,0.084107,1,0.12,42,0.007231,0.810885,2.013561,0.987925,34.129032,1.399941,no_phantom_replay,Do not replay phantom candidates,42
33,2012,2702,16,0.005922,0.016598,0.075829,29,211,2,487,0.562241,357.0,357.0,105110.362759,105110.362759,42.642458,0.119447,0.880553,0.078561,16.0,0.000152,104753.0,64.0,5.472067,0.342004,294.426786,1.0,1.0,0.084187,1,0.12,47,0.007636,0.807032,2.008771,0.988157,32.0,1.40963,no_phantom_replay,Do not replay phantom candidates,42
34,2013,2694,16,0.005939,0.016667,0.084656,24,189,2,460,0.60625,409.0,409.0,121966.785964,121966.785964,47.121951,0.115213,0.884787,0.071189,16.0,0.000131,121558.0,64.0,5.792683,0.362043,298.207301,1.0,1.0,0.084293,1,0.12,39,0.008567,0.804369,2.005453,0.988122,32.0,1.412749,no_phantom_replay,Do not replay phantom candidates,42
35,2014,2666,14,0.005251,0.014644,0.081871,42,171,1,429,0.642259,444.0,444.0,132945.463321,132945.463321,51.011236,0.11489,0.88511,0.078371,16.0,0.00012,132501.0,64.0,5.72809,0.358006,299.426719,1.0,1.0,0.08464,1,0.12,42,0.010213,0.79817,1.997711,0.992069,21.777778,1.413746,no_phantom_replay,Do not replay phantom candidates,42
36,2015,2635,12,0.004554,0.012712,0.07947,43,151,2,400,0.680085,481.0,481.0,144211.984748,144211.984748,55.012448,0.114371,0.885629,0.074689,16.0,0.000111,143731.0,64.0,5.309129,0.331821,299.817016,1.0,1.0,0.085027,1,0.12,45,0.010184,0.792305,1.990358,0.990892,24.0,1.414064,no_phantom_replay,Do not replay phantom candidates,42
37,2016,2618,10,0.00382,0.010449,0.074074,27,135,4,363,0.717868,546.0,546.0,163768.129357,163768.129357,61.45521,0.112555,0.887445,0.072555,16.0,9.8e-05,163222.0,64.0,4.93053,0.308158,299.941629,1.0,1.0,0.085227,1,0.12,62,0.009441,0.788826,1.985983,0.992361,20.0,1.414166,no_phantom_replay,Do not replay phantom candidates,42
38,2017,2592,8,0.003086,0.008359,0.067227,34,119,3,324,0.751306,595.0,595.0,178488.92312,178488.92312,66.694631,0.112092,0.887908,0.075084,16.0,9e-05,177894.0,64.0,4.860738,0.303796,299.981383,1.0,1.0,0.085547,1,0.12,57,0.008722,0.785829,1.982207,0.993827,16.0,1.414198,no_phantom_replay,Do not replay phantom candidates,42
39,2018,2563,9,0.003512,0.009444,0.089109,38,101,3,298,0.788038,623.0,623.0,186896.30117,186896.30117,68.974359,0.110713,0.889287,0.066707,16.0,8.6e-05,186273.0,64.0,5.216346,0.326022,299.994063,1.0,1.0,0.085947,1,0.12,58,0.008988,0.780028,1.974878,0.992977,18.0,1.414209,no_phantom_replay,Do not replay phantom candidates,42
40,2019,2524,11,0.004358,0.011518,0.135802,50,81,1,264,0.830366,674.0,674.0,202198.723844,202198.723844,73.475556,0.109014,0.890986,0.073889,16.0,7.9e-05,201525.0,64.0,4.841481,0.302593,299.998107,1.0,1.0,0.086493,1,0.12,52,0.012944,0.776558,1.97048,0.992724,18.615385,1.414212,no_phantom_replay,Do not replay phantom candidates,42
41,2020,2485,4,0.00161,0.004269,0.0625,43,64,1,236,0.863394,693.0,693.0,207899.581552,207899.581552,76.449568,0.110317,0.889683,0.079161,16.0,7.7e-05,207207.0,64.0,4.675793,0.292237,299.999396,1.0,1.0,0.08692,1,0.12,60,0.014342,0.771912,1.964577,0.996781,8.0,1.414213,no_phantom_replay,Do not replay phantom candidates,42
42,2021,2454,3,0.001222,0.003215,0.053571,34,56,3,212,0.879957,726.0,726.0,217799.860199,217799.860199,79.389271,0.109352,0.890648,0.076857,16.0,7.3e-05,217074.0,64.0,4.43879,0.277424,299.999807,1.0,1.0,0.08732,1,0.12,70,0.012692,0.767717,1.95923,0.997555,6.0,1.414213,no_phantom_replay,Do not replay phantom candidates,42
43,2022,2429,6,0.00247,0.006342,0.117647,31,51,3,185,0.892178,762.0,762.0,228599.953206,228599.953206,82.626474,0.108434,0.891566,0.075033,16.0,7e-05,227838.0,64.0,4.604194,0.287762,299.999939,1.0,1.0,0.087693,1,0.12,67,0.011729,0.763923,1.954384,0.99506,12.0,1.414214,no_phantom_replay,Do not replay phantom candidates,42
44,2023,2384,3,0.001258,0.003198,0.073171,48,41,2,168,0.91258,779.0,779.0,233699.984744,233699.984744,84.582051,0.108578,0.891422,0.067308,16.0,6.8e-05,232921.0,64.0,4.957692,0.309856,299.99998,1.0,1.0,0.088253,1,0.12,61,0.009404,0.761446,1.951212,0.997483,6.0,1.414214,no_phantom_replay,Do not replay phantom candidates,42
45,2024,2352,2,0.00085,0.002179,0.0625,34,32,2,149,0.930283,785.0,785.0,235499.995097,235499.995097,86.521628,0.110219,0.889781,0.068782,16.0,6.8e-05,234715.0,64.0,5.384224,0.336514,299.999994,1.0,1.0,0.088667,1,0.12,47,0.010633,0.75548,1.943553,0.998299,4.0,1.414214,no_phantom_replay,Do not replay phantom candidates,42
46,2025,2316,3,0.001295,0.003308,0.125,39,24,2,128,0.947078,799.0,799.0,239699.998409,239699.998409,87.5875,0.109621,0.890379,0.068594,16.0,6.7e-05,238901.0,64.0,5.52625,0.345391,299.999998,1.0,1.0,0.08916,1,0.12,54,0.012023,0.74794,1.933831,0.997409,6.0,1.414214,no_phantom_replay,Do not replay phantom candidates,42
47,2026,2281,3,0.001315,0.00339,0.111111,38,27,4,124,0.938983,784.0,784.0,235199.999502,235199.999502,85.411465,0.108943,0.891057,0.061783,16.0,6.8e-05,234416.0,64.0,6.100637,0.38129,299.999999,1.0,1.0,0.089627,1,0.12,46,0.015601,0.744517,1.929401,0.99737,6.0,1.414214,no_phantom_replay,Do not replay phantom candidates,42
48,2027,2251,0,0.0,0.0,0.0,30,21,2,104,0.951276,777.0,777.0,233099.999843,233099.999843,83.452442,0.107403,0.892597,0.054306,16.0,6.9e-05,232323.0,64.0,6.053985,0.378374,300.0,1.0,1.0,0.089987,1,0.12,51,0.015267,0.741783,1.925854,0.0,0.0,1.414214,no_phantom_replay,Do not replay phantom candidates,42
49,2028,2214,5,0.002258,0.005869,0.25,42,20,3,90,0.953052,782.0,782.0,234599.999949,234599.999949,84.051086,0.107482,0.892518,0.057072,16.0,6.8e-05,233818.0,64.0,6.136654,0.383541,300.0,1.0,1.0,0.090547,1,0.12,40,0.018749,0.732588,1.91388,0.995483,10.0,1.414214,no_phantom_replay,Do not replay phantom candidates,42
50,2029,2186,3,0.001372,0.003593,0.176471,31,17,1,77,0.959281,770.0,770.0,230999.999984,230999.999984,81.867704,0.106322,0.893678,0.049773,16.0,6.9e-05,230230.0,64.0,6.621271,0.413829,300.0,1.0,1.0,0.090893,1,0.12,36,0.019131,0.729311,1.909595,0.997255,6.0,1.414214,no_phantom_replay,Do not replay phantom candidates,42
51,2030,2146,3,0.001398,0.00365,0.166667,43,18,2,72,0.956204,763.0,763.0,228899.999995,228899.999995,81.424084,0.106716,0.893284,0.057837,16.0,7e-05,228137.0,64.0,6.145288,0.38408,300.0,1.0,1.0,0.091427,1,0.12,43,0.019679,0.725579,1.904703,0.997204,6.0,1.414214,no_phantom_replay,Do not replay phantom candidates,42
52,2031,2125,2,0.000941,0.002503,0.133333,23,15,0,67,0.962453,747.0,747.0,224099.999998,224099.999998,78.529412,0.105126,0.894874,0.04863,16.0,7.1e-05,223353.0,64.0,6.589572,0.411848,300.0,1.0,1.0,0.091693,1,0.12,41,0.02056,0.721101,1.898817,0.998118,4.0,1.414214,no_phantom_replay,Do not replay phantom candidates,42
53,2032,2086,1,0.000479,0.001277,0.071429,40,14,2,55,0.96424,740.0,740.0,222000.0,222000.0,77.155196,0.104264,0.895736,0.057439,16.0,7.2e-05,221260.0,64.0,5.823212,0.363951,300.0,1.0,1.0,0.0922,1,0.12,43,0.021426,0.715882,1.891932,0.999041,2.0,1.414214,no_phantom_replay,Do not replay phantom candidates,42
54,2033,2049,1,0.000488,0.001297,0.076923,38,13,0,49,0.966278,727.0,727.0,218100.0,218100.0,75.074176,0.103266,0.896734,0.049622,16.0,7.3e-05,217373.0,64.0,6.296703,0.393544,300.0,1.0,1.0,0.092693,1,0.12,50,0.021505,0.712184,1.887039,0.999024,2.0,1.414214,no_phantom_replay,Do not replay phantom candidates,42
55,2034,2023,1,0.000494,0.001337,0.090909,27,11,1,47,0.970588,711.0,711.0,213300.0,213300.0,72.983146,0.102649,0.897351,0.053985,16.0,7.5e-05,212589.0,64.0,5.980337,0.373771,300.0,1.0,1.0,0.09304,1,0.12,47,0.023336,0.70751,1.880837,0.999011,2.0,1.414214,no_phantom_replay,Do not replay phantom candidates,42
56,2035,1988,1,0.000503,0.001383,0.090909,36,11,1,44,0.969571,686.0,686.0,205800.0,205800.0,69.668122,0.101557,0.898443,0.054767,16.0,7.8e-05,205114.0,64.0,6.010189,0.375637,300.0,1.0,1.0,0.093507,1,0.12,48,0.024521,0.700139,1.871014,0.998994,2.0,1.414214,no_phantom_replay,Do not replay phantom candidates,42
57,2036,1955,0,0.0,0.0,0.0,33,9,1,42,0.974175,665.0,665.0,199500.0,199500.0,67.165165,0.101,0.899,0.058465,16.0,8e-05,198835.0,64.0,5.864865,0.366554,300.0,1.0,1.0,0.093933,1,0.12,56,0.02663,0.695389,1.864657,0.0,0.0,1.414214,no_phantom_replay,Do not replay phantom candidates,42
58,2037,1913,0,0.0,0.0,0.0,42,8,2,39,0.976366,649.0,649.0,194700.0,194700.0,64.981538,0.100126,0.899874,0.059327,16.0,8.2e-05,194051.0,64.0,5.553846,0.347115,300.0,1.0,1.0,0.094493,1,0.12,56,0.025153,0.687281,1.853754,0.0,0.0,1.414214,no_phantom_replay,Do not replay phantom candidates,42
59,2038,1868,1,0.000535,0.001529,0.125,46,8,1,36,0.975535,626.0,626.0,187800.0,187800.0,62.858054,0.100412,0.899588,0.058313,16.0,8.5e-05,187174.0,64.0,5.963317,0.372707,300.0,1.0,1.0,0.095107,1,0.12,46,0.024283,0.681651,1.846146,0.998929,2.0,1.414214,no_phantom_replay,Do not replay phantom candidates,42
60,2039,1833,0,0.0,0.0,0.0,35,8,1,33,0.974235,594.0,594.0,178200.0,178200.0,59.573109,0.100291,0.899709,0.060924,16.0,9e-05,177606.0,64.0,6.023529,0.376471,300.0,1.0,1.0,0.09556,1,0.12,41,0.022018,0.674454,1.836374,0.0,0.0,1.414214,no_phantom_replay,Do not replay phantom candidates,42
61,2040,1791,0,0.0,0.0,0.0,42,9,1,33,0.969849,570.0,570.0,171000.0,171000.0,56.844133,0.099727,0.900273,0.054947,16.0,9.4e-05,170430.0,64.0,6.259194,0.3912,300.0,1.0,1.0,0.09612,1,0.12,48,0.023458,0.665117,1.823619,0.0,0.0,1.414214,no_phantom_replay,Do not replay phantom candidates,42
62,2041,1750,0,0.0,0.0,0.0,41,9,0,29,0.968421,542.0,542.0,162600.0,162600.0,54.405157,0.100379,0.899621,0.055018,16.0,9.8e-05,162058.0,64.0,6.290976,0.393186,300.0,1.0,1.0,0.096667,1,0.12,50,0.023367,0.664122,1.822254,0.0,0.0,1.414214,no_phantom_replay,Do not replay phantom candidates,42
63,2042,1712,1,0.000584,0.001845,0.142857,39,7,0,25,0.97417,517.0,517.0,155100.0,155100.0,52.316602,0.101193,0.898807,0.053933,16.0,0.000103,154583.0,64.0,6.351351,0.396959,300.0,1.0,1.0,0.097187,1,0.12,55,0.025196,0.651315,1.804598,0.998832,2.0,1.414214,no_phantom_replay,Do not replay phantom candidates,42
64,2043,1663,1,0.000601,0.001931,0.142857,50,7,1,24,0.972973,495.0,495.0,148500.0,148500.0,49.91129,0.100831,0.899169,0.059728,16.0,0.000108,148005.0,64.0,5.913306,0.369582,300.0,1.0,1.0,0.09784,1,0.12,56,0.02945,0.642394,1.792196,0.998797,2.0,1.414214,no_phantom_replay,Do not replay phantom candidates,42
65,2044,1633,2,0.001225,0.004132,0.333333,32,6,0,20,0.975207,462.0,462.0,138600.0,138600.0,46.194384,0.099988,0.900012,0.05818,16.0,0.000115,138138.0,64.0,6.455724,0.403483,300.0,1.0,1.0,0.098253,1,0.12,47,0.02973,0.636042,1.783314,0.998775,2.0,1.414214,no_phantom_replay,Do not replay phantom candidates,42
66,2045,1595,1,0.000627,0.002203,0.25,39,4,1,19,0.982379,437.0,437.0,131100.0,131100.0,43.543379,0.099642,0.900358,0.057363,16.0,0.000122,130663.0,64.0,6.554795,0.409675,300.0,1.0,1.0,0.098747,1,0.12,45,0.029644,0.62524,1.768107,0.998746,2.0,1.414214,no_phantom_replay,Do not replay phantom candidates,42
67,2046,1569,0,0.0,0.0,0.0,26,5,1,19,0.976526,410.0,410.0,123000.0,123000.0,41.722628,0.101763,0.898237,0.06615,16.0,0.00013,122590.0,64.0,6.131387,0.383212,300.0,1.0,1.0,0.09908,1,0.12,54,0.031198,0.621215,1.762406,0.0,0.0,1.414214,no_phantom_replay,Do not replay phantom candidates,42
68,2047,1530,1,0.000654,0.002519,0.166667,40,6,1,19,0.969773,380.0,380.0,114000.0,114000.0,38.71916,0.101893,0.898107,0.05643,16.0,0.00014,113620.0,64.0,6.186352,0.386647,300.0,1.0,1.0,0.099613,1,0.12,60,0.032351,0.612341,1.749773,0.998693,2.0,1.414214,no_phantom_replay,Do not replay phantom candidates,42
69,2048,1492,0,0.0,0.0,0.0,38,6,1,19,0.967914,356.0,356.0,106800.0,106800.0,36.151261,0.101548,0.898452,0.060749,16.0,0.00015,106444.0,64.0,5.932773,0.370798,300.0,1.0,1.0,0.100107,1,0.12,52,0.030929,0.603234,1.736712,0.0,0.0,1.414214,no_phantom_replay,Do not replay phantom candidates,42
70,2049,1449,1,0.00069,0.002915,0.142857,44,7,1,17,0.959184,324.0,324.0,97200.0,97200.0,32.529231,0.100399,0.899601,0.058654,16.0,0.000165,96876.0,64.0,5.861538,0.366346,300.0,1.0,1.0,0.100693,1,0.12,66,0.03468,0.587704,1.714211,0.99862,2.0,1.414214,no_phantom_replay,Do not replay phantom candidates,42
71,2050,1410,1,0.000709,0.0033,0.125,40,8,1,18,0.947195,282.0,282.0,84600.0,84600.0,27.90106,0.09894,0.90106,0.059408,16.0,0.000189,84318.0,64.0,5.908127,0.369258,300.0,1.0,1.0,0.101213,1,0.12,53,0.037795,0.577297,1.698966,0.998582,2.0,1.414214,no_phantom_replay,Do not replay phantom candidates,42
72,2051,1380,1,0.000725,0.003663,0.125,31,8,0,18,0.941392,250.0,250.0,75000.0,75000.0,24.215139,0.096861,0.903139,0.056773,16.0,0.000213,74750.0,64.0,6.553785,0.409612,300.0,1.0,1.0,0.101613,1,0.12,53,0.037953,0.575043,1.695646,0.998551,2.0,1.414214,no_phantom_replay,Do not replay phantom candidates,42
73,2052,1342,0,0.0,0.0,0.0,38,8,0,16,0.936,229.0,229.0,68700.0,68700.0,22.078261,0.096412,0.903588,0.058696,16.0,0.000233,68471.0,64.0,6.517391,0.407337,300.0,1.0,1.0,0.102107,1,0.12,52,0.038614,0.56679,1.683435,0.0,0.0,1.414214,no_phantom_replay,Do not replay phantom candidates,42
74,2053,1310,0,0.0,0.0,0.0,32,9,1,16,0.920354,207.0,207.0,62100.0,62100.0,20.240385,0.09778,0.90222,0.065204,16.0,0.000258,61893.0,64.0,5.966346,0.372897,300.0,1.0,1.0,0.102533,1,0.12,55,0.038429,0.55664,1.668292,0.0,0.0,1.414214,no_phantom_replay,Do not replay phantom candidates,42
75,2054,1280,2,0.001563,0.009852,0.222222,32,9,0,15,0.91133,182.0,182.0,54600.0,54600.0,18.098361,0.099442,0.900558,0.058402,16.0,0.000293,54418.0,64.0,6.606557,0.41291,300.0,1.0,1.0,0.10296,1,0.12,55,0.041333,0.554096,1.664475,0.996875,4.0,1.414214,no_phantom_replay,Do not replay phantom candidates,42
76,2055,1243,1,0.000805,0.005376,0.125,38,8,0,15,0.913978,166.0,166.0,49800.0,49800.0,16.958084,0.102157,0.897843,0.060254,16.0,0.000321,49634.0,64.0,6.790419,0.424401,300.0,1.0,1.0,0.10344,1,0.12,52,0.042527,0.54493,1.650652,0.998391,2.0,1.414214,no_phantom_replay,Do not replay phantom candidates,42
77,2056,1219,1,0.00082,0.006211,0.111111,25,9,1,16,0.888199,141.0,141.0,42300.0,42300.0,14.802817,0.104985,0.895015,0.059859,16.0,0.000378,42159.0,64.0,6.894366,0.430898,300.0,1.0,1.0,0.10376,1,0.12,42,0.043203,0.540431,1.643824,0.998359,2.0,1.414214,no_phantom_replay,Do not replay phantom candidates,42
78,2057,1179,1,0.000848,0.007246,0.090909,41,11,3,19,0.84058,117.0,117.0,35100.0,35100.0,12.661017,0.108214,0.891786,0.057203,16.0,0.000456,34983.0,64.0,7.305085,0.456568,300.0,1.0,1.0,0.104293,1,0.12,43,0.045274,0.536795,1.638285,0.998304,2.0,1.414214,no_phantom_replay,Do not replay phantom candidates,42
79,2058,1151,2,0.001738,0.016393,0.181818,30,11,2,21,0.819672,97.0,97.0,29100.0,29100.0,11.265306,0.116137,0.883863,0.058673,16.0,0.00055,29003.0,64.0,8.469388,0.529337,300.0,1.0,1.0,0.10468,1,0.12,29,0.042614,0.528547,1.62565,0.996525,4.0,1.414214,no_phantom_replay,Do not replay phantom candidates,42
80,2059,1105,2,0.00181,0.018868,0.181818,48,11,1,20,0.792453,79.0,79.0,23700.0,23700.0,9.0,0.113924,0.886076,0.035156,16.0,0.000675,23621.0,64.0,9.6625,0.603906,300.0,1.0,1.0,0.105293,1,0.12,17,0.047903,0.522507,1.616333,0.99638,4.0,1.414214,no_phantom_replay,Do not replay phantom candidates,42
81,2060,1080,0,0.0,0.0,0.0,25,10,0,20,0.784946,66.0,66.0,19800.0,19800.0,8.029851,0.121664,0.878336,0.039179,16.0,0.000808,19734.0,64.0,10.671642,0.666978,300.0,1.0,1.0,0.1056,1,0.12,13,0.046904,0.514443,1.603812,0.0,0.0,1.414214,no_phantom_replay,Do not replay phantom candidates,42
82,2061,1048,3,0.002863,0.036585,0.272727,35,11,2,19,0.731707,58.0,58.0,17400.0,17400.0,7.830508,0.135009,0.864991,0.051907,16.0,0.00092,17342.0,64.0,9.423729,0.588983,300.0,1.0,1.0,0.106067,1,0.12,18,0.049605,0.508489,1.594505,0.994275,6.0,1.414214,no_phantom_replay,Do not replay phantom candidates,42
83,2062,1013,2,0.001974,0.027027,0.181818,37,11,1,20,0.702703,47.0,47.0,14100.0,14100.0,6.458333,0.137411,0.862589,0.033854,16.0,0.001135,14053.0,64.0,11.625,0.726562,300.0,1.0,1.0,0.10652,1,0.12,6,0.050167,0.507343,1.592706,0.996051,4.0,1.414214,no_phantom_replay,Do not replay phantom candidates,42
84,2063,977,0,0.0,0.0,0.0,36,10,1,18,0.701493,43.0,43.0,12900.0,12900.0,6.090909,0.141649,0.858351,0.035511,16.0,0.00124,12857.0,64.0,10.25,0.640625,300.0,1.0,1.0,0.106973,1,0.12,11,0.053383,0.502003,1.584302,0.0,0.0,1.414214,no_phantom_replay,Do not replay phantom candidates,42
85,2064,933,1,0.001072,0.017241,0.111111,45,9,0,17,0.689655,33.0,33.0,9900.0,9900.0,5.823529,0.176471,0.823529,0.025735,16.0,0.001616,9867.0,64.0,12.205882,0.762868,300.0,1.0,1.0,0.107573,1,0.12,6,0.056042,0.499263,1.579973,0.997856,2.0,1.414214,no_phantom_replay,Do not replay phantom candidates,42
86,2065,899,1,0.001112,0.020833,0.142857,35,7,2,18,0.708333,28.0,28.0,8400.0,8400.0,4.0,0.142857,0.857143,0.038793,16.0,0.001905,8372.0,64.0,10.448276,0.653017,300.0,1.0,1.0,0.108027,1,0.12,10,0.059268,0.492399,1.569074,0.997775,2.0,1.414214,no_phantom_replay,Do not replay phantom candidates,42
87,2066,873,1,0.001145,0.022727,0.142857,27,7,0,17,0.681818,20.0,20.0,6000.0,6000.0,3.904762,0.195238,0.804762,0.005952,16.0,0.002667,5980.0,64.0,13.0,0.8125,300.0,1.0,1.0,0.108373,1,0.12,11,0.062524,0.485628,1.558249,0.997709,2.0,1.414214,no_phantom_replay,Do not replay phantom candidates,42
88,2067,839,0,0.0,0.0,0.0,34,7,0,17,0.666667,19.0,19.0,5700.0,5700.0,3.0,0.157895,0.842105,0.00625,16.0,0.002807,5681.0,64.0,12.9,0.80625,300.0,1.0,1.0,0.108813,1,0.12,7,0.06615,0.476017,1.542753,0.0,0.0,1.414214,no_phantom_replay,Do not replay phantom candidates,42
89,2068,814,0,0.0,0.0,0.0,25,8,1,18,0.567568,15.0,15.0,4500.0,4500.0,2.625,0.175,0.825,0.007812,16.0,0.003556,4485.0,64.0,12.25,0.765625,300.0,1.0,1.0,0.109147,1,0.12,9,0.070228,0.470953,1.534524,0.0,0.0,1.414214,no_phantom_replay,Do not replay phantom candidates,42
90,2069,783,2,0.002554,0.057143,0.285714,33,7,0,17,0.6,13.0,13.0,3900.0,3900.0,2.571429,0.197802,0.802198,0.008929,16.0,0.004103,3887.0,64.0,12.0,0.75,300.0,1.0,1.0,0.109587,1,0.12,11,0.069539,0.468016,1.529732,0.994891,4.0,1.414214,no_phantom_replay,Do not replay phantom candidates,42
91,2070,743,0,0.0,0.0,0.0,40,7,0,17,0.575758,11.0,11.0,3300.0,3300.0,2.5,0.227273,0.772727,0.0,16.0,0.004848,3289.0,64.0,12.083333,0.755208,300.0,1.0,1.0,0.110093,1,0.12,10,0.070912,0.465711,1.52596,0.0,0.0,1.414214,no_phantom_replay,Do not replay phantom candidates,42
92,2071,718,0,0.0,0.0,0.0,25,6,1,17,0.6,11.0,11.0,3300.0,3300.0,2.833333,0.257576,0.742424,0.020833,16.0,0.004848,3289.0,64.0,11.25,0.703125,300.0,1.0,1.0,0.110427,1,0.12,11,0.068113,0.457557,1.512542,0.0,0.0,1.414214,no_phantom_replay,Do not replay phantom candidates,42
93,2072,687,0,0.0,0.0,0.0,31,6,1,17,0.586207,11.0,11.0,3300.0,3300.0,1.833333,0.166667,0.833333,0.010417,16.0,0.004848,3289.0,64.0,10.916667,0.682292,300.0,1.0,1.0,0.11084,1,0.12,13,0.069956,0.449949,1.499915,0.0,0.0,1.414214,no_phantom_replay,Do not replay phantom candidates,42
94,2073,653,1,0.001531,0.033333,0.166667,35,6,1,16,0.6,12.0,12.0,3600.0,3600.0,2.461538,0.205128,0.794872,0.052885,16.0,0.004444,3588.0,64.0,9.846154,0.615385,300.0,1.0,1.0,0.111307,1,0.12,16,0.071007,0.44945,1.499082,0.996937,2.0,1.414214,no_phantom_replay,Do not replay phantom candidates,42
95,2074,638,3,0.004702,0.115385,0.5,18,6,0,15,0.538462,9.0,9.0,2700.0,2700.0,1.4,0.155556,0.844444,0.00625,16.0,0.005926,2691.0,64.0,11.8,0.7375,300.0,1.0,1.0,0.111533,1,0.12,10,0.078169,0.445496,1.492475,0.990596,6.0,1.414214,no_phantom_replay,Do not replay phantom candidates,42
96,2075,606,0,0.0,0.0,0.0,32,5,0,13,0.583333,9.0,9.0,2700.0,2700.0,1.6,0.177778,0.822222,0.03125,16.0,0.005926,2691.0,64.0,11.7,0.73125,300.0,1.0,1.0,0.11192,1,0.12,8,0.081059,0.4425,1.487447,0.0,0.0,1.414214,no_phantom_replay,Do not replay phantom candidates,42
97,2076,577,0,0.0,0.0,0.0,29,4,1,13,0.652174,10.0,10.0,3000.0,3000.0,1.818182,0.181818,0.818182,0.056818,16.0,0.005333,2990.0,64.0,10.545455,0.659091,300.0,1.0,1.0,0.112307,1,0.12,13,0.089011,0.435565,1.475746,0.0,0.0,1.414214,no_phantom_replay,Do not replay phantom candidates,42
98,2077,551,1,0.001815,0.043478,0.25,27,4,1,12,0.652174,10.0,10.0,3000.0,3000.0,1.272727,0.127273,0.872727,0.034091,16.0,0.005333,2990.0,64.0,10.454545,0.653409,300.0,1.0,1.0,0.112667,1,0.12,15,0.091417,0.432146,1.469943,0.99637,2.0,1.414214,no_phantom_replay,Do not replay phantom candidates,42
99,2078,520,0,0.0,0.0,0.0,31,5,1,13,0.545455,8.0,8.0,2400.0,2400.0,0.888889,0.111111,0.888889,0.013889,16.0,0.006667,2392.0,64.0,12.111111,0.756944,300.0,1.0,1.0,0.113067,1,0.12,7,0.100542,0.434468,1.473886,0.0,0.0,1.414214,no_phantom_replay,Do not replay phantom candidates,42
100,2079,492,1,0.002033,0.041667,0.166667,29,6,1,14,0.5,8.0,8.0,2400.0,2400.0,1.333333,0.166667,0.833333,0.027778,16.0,0.006667,2392.0,64.0,11.888889,0.743056,300.0,1.0,1.0,0.113453,1,0.12,9,0.104685,0.433577,1.472374,0.995935,2.0,1.414214,no_phantom_replay,Do not replay phantom candidates,42
101,2080,464,0,0.0,0.0,0.0,28,6,1,15,0.52,8.0,8.0,2400.0,2400.0,0.888889,0.111111,0.888889,0.013889,16.0,0.006667,2392.0,64.0,11.777778,0.736111,300.0,1.0,1.0,0.113813,1,0.12,11,0.113077,0.432294,1.470193,0.0,0.0,1.414214,no_phantom_replay,Do not replay phantom candidates,42
102,2081,435,0,0.0,0.0,0.0,29,6,0,14,0.5,6.0,6.0,1800.0,1800.0,0.857143,0.142857,0.857143,0.0,16.0,0.008889,1794.0,64.0,12.571429,0.785714,300.0,1.0,1.0,0.1142,1,0.12,7,0.115382,0.427584,1.462163,0.0,0.0,1.414214,no_phantom_replay,Do not replay phantom candidates,42
103,2082,410,0,0.0,0.0,0.0,25,6,1,14,0.52,9.0,9.0,2700.0,2700.0,2.0,0.222222,0.777778,0.05625,16.0,0.005926,2691.0,64.0,10.7,0.66875,300.0,1.0,1.0,0.114533,1,0.12,12,0.121695,0.424404,1.456716,0.0,0.0,1.414214,no_phantom_replay,Do not replay phantom candidates,42
104,2083,386,1,0.002591,0.038462,0.142857,25,7,2,11,0.461538,12.0,12.0,3600.0,3600.0,3.230769,0.269231,0.730769,0.134615,16.0,0.004444,3588.0,64.0,9.0,0.5625,300.0,1.0,1.0,0.114867,1,0.12,17,0.128338,0.423017,1.454334,0.994819,2.0,1.414214,no_phantom_replay,Do not replay phantom candidates,42
105,2084,353,0,0.0,0.0,0.0,33,8,1,10,0.384615,9.0,9.0,2700.0,2700.0,2.0,0.222222,0.777778,0.06875,16.0,0.005926,2691.0,64.0,10.5,0.65625,300.0,1.0,1.0,0.115293,1,0.12,12,0.13619,0.42391,1.455868,0.0,0.0,1.414214,no_phantom_replay,Do not replay phantom candidates,42
106,2085,330,0,0.0,0.0,0.0,23,8,1,10,0.384615,9.0,9.0,2700.0,2700.0,1.6,0.177778,0.822222,0.04375,16.0,0.005926,2691.0,64.0,10.7,0.66875,300.0,1.0,1.0,0.1156,1,0.12,14,0.143353,0.424107,1.456206,0.0,0.0,1.414214,no_phantom_replay,Do not replay phantom candidates,42
107,2086,300,1,0.003333,0.038462,0.111111,31,9,1,11,0.307692,7.0,7.0,2100.0,2100.0,1.25,0.178571,0.821429,0.023438,16.0,0.007619,2093.0,64.0,12.25,0.765625,300.0,1.0,1.0,0.116013,1,0.12,7,0.163669,0.417441,1.444717,0.993333,2.0,1.414214,no_phantom_replay,Do not replay phantom candidates,42
108,2087,278,1,0.003597,0.035714,0.111111,23,9,0,11,0.357143,7.0,7.0,2100.0,2100.0,0.75,0.107143,0.892857,0.0,16.0,0.007619,2093.0,64.0,12.125,0.757812,300.0,1.0,1.0,0.116307,1,0.12,9,0.167858,0.424907,1.457579,0.992806,2.0,1.414214,no_phantom_replay,Do not replay phantom candidates,42
109,2088,263,2,0.007605,0.074074,0.222222,17,9,0,10,0.333333,7.0,7.0,2100.0,2100.0,0.5,0.071429,0.928571,0.007812,16.0,0.007619,2093.0,64.0,11.375,0.710938,300.0,1.0,1.0,0.11652,1,0.12,10,0.180128,0.421403,1.451556,0.984791,4.0,1.414214,no_phantom_replay,Do not replay phantom candidates,42
110,2089,243,0,0.0,0.0,0.0,20,8,0,10,0.384615,7.0,7.0,2100.0,2100.0,0.5,0.071429,0.928571,0.007812,16.0,0.007619,2093.0,64.0,11.375,0.710938,300.0,1.0,1.0,0.11676,1,0.12,10,0.185601,0.42172,1.452102,0.0,0.0,1.414214,no_phantom_replay,Do not replay phantom candidates,42
111,2090,227,3,0.013216,0.125,0.375,19,8,0,10,0.333333,5.0,5.0,1500.0,1500.0,0.333333,0.066667,0.933333,0.010417,16.0,0.010667,1495.0,64.0,11.5,0.71875,300.0,1.0,1.0,0.117013,1,0.12,12,0.22055,0.401855,1.417488,0.973568,6.0,1.414214,no_phantom_replay,Do not replay phantom candidates,42
112,2091,213,1,0.004695,0.041667,0.125,15,8,1,11,0.333333,6.0,6.0,1800.0,1800.0,1.142857,0.190476,0.809524,0.0625,16.0,0.008889,1794.0,64.0,10.857143,0.678571,300.0,1.0,1.0,0.117173,1,0.12,13,0.236576,0.395624,1.406456,0.99061,2.0,1.414214,no_phantom_replay,Do not replay phantom candidates,42
113,2092,194,0,0.0,0.0,0.0,19,9,2,12,0.333333,9.0,9.0,2700.0,2700.0,2.8,0.311111,0.688889,0.125,16.0,0.005926,2691.0,64.0,8.9,0.55625,300.0,1.0,1.0,0.117413,1,0.12,20,0.255416,0.398281,1.411171,0.0,0.0,1.414214,no_phantom_replay,Do not replay phantom candidates,42
114,2093,184,1,0.005435,0.038462,0.1,11,10,1,13,0.230769,5.0,5.0,1500.0,1500.0,0.666667,0.133333,0.866667,0.03125,16.0,0.010667,1495.0,64.0,11.333333,0.708333,300.0,1.0,1.0,0.11756,1,0.12,12,0.269621,0.397867,1.410437,0.98913,2.0,1.414214,no_phantom_replay,Do not replay phantom candidates,42
115,2094,174,2,0.011494,0.076923,0.181818,12,11,1,14,0.153846,3.0,3.0,900.0,900.0,0.5,0.166667,0.833333,0.03125,16.0,0.017778,897.0,64.0,13.0,0.8125,300.0,1.0,1.0,0.117707,1,0.12,5,0.28559,0.38772,1.392336,0.988506,2.0,1.414214,no_phantom_replay,Do not replay phantom candidates,42
116,2095,157,2,0.012739,0.076923,0.2,19,10,0,13,0.230769,3.0,3.0,900.0,900.0,0.0,0.0,1.0,0.0,16.0,0.017778,897.0,64.0,13.0,0.8125,300.0,1.0,1.0,0.117933,1,0.12,6,0.306149,0.381312,1.380782,0.974522,4.0,1.414214,no_phantom_replay,Do not replay phantom candidates,42
117,2096,147,1,0.006803,0.04,0.1,11,10,1,13,0.2,4.0,4.0,1200.0,1200.0,0.4,0.1,0.9,0.025,16.0,0.013333,1196.0,64.0,12.2,0.7625,300.0,1.0,1.0,0.118053,1,0.12,8,0.32112,0.365792,1.35239,0.986395,2.0,1.414214,no_phantom_replay,Do not replay phantom candidates,42
118,2097,132,1,0.007576,0.04,0.111111,16,9,0,13,0.28,3.0,3.0,900.0,900.0,0.0,0.0,1.0,0.0,16.0,0.017778,897.0,64.0,13.25,0.828125,300.0,1.0,1.0,0.118253,1,0.12,5,0.337623,0.368295,1.357009,0.984848,2.0,1.414214,no_phantom_replay,Do not replay phantom candidates,42
119,2098,126,1,0.007937,0.04,0.111111,7,9,1,13,0.28,5.0,5.0,1500.0,1500.0,1.0,0.2,0.8,0.0625,16.0,0.010667,1495.0,64.0,11.5,0.71875,300.0,1.0,1.0,0.118333,1,0.12,9,0.367083,0.349854,1.322599,0.984127,2.0,1.414214,no_phantom_replay,Do not replay phantom candidates,42
120,2099,125,5,0.04,0.2,0.555556,6,9,0,13,0.28,3.0,3.0,900.0,900.0,0.0,0.0,1.0,0.0,16.0,0.017778,897.0,64.0,13.25,0.828125,300.0,1.0,1.0,0.1184,1,0.12,5,0.389976,0.342146,1.307948,0.9584,5.555556,1.414214,no_phantom_replay,Do not replay phantom candidates,42
121,2100,114,1,0.008772,0.043478,0.125,12,8,0,13,0.304348,2.0,2.0,600.0,600.0,0.0,0.0,1.0,0.0,16.0,0.026667,598.0,64.0,14.0,0.875,300.0,1.0,1.0,0.118493,1,0.12,3,0.43474,0.308092,1.241154,0.982456,2.0,1.414214,no_phantom_replay,Do not replay phantom candidates,42
122,2101,109,1,0.009174,0.043478,0.111111,6,9,1,13,0.217391,3.0,3.0,900.0,900.0,0.5,0.166667,0.833333,0.03125,16.0,0.017778,897.0,64.0,13.5,0.84375,300.0,1.0,1.0,0.11856,1,0.12,3,0.438506,0.30785,1.240665,0.981651,2.0,1.414214,no_phantom_replay,Do not replay phantom candidates,42
123,2102,100,0,0.0,0.0,0.0,9,8,1,13,0.272727,3.0,3.0,900.0,900.0,0.5,0.166667,0.833333,0.03125,16.0,0.017778,897.0,64.0,13.25,0.828125,300.0,1.0,1.0,0.118667,1,0.12,4,0.464308,0.297234,1.219086,0.0,0.0,1.414214,no_phantom_replay,Do not replay phantom candidates,42
124,2103,94,2,0.021277,0.095238,0.285714,8,7,0,13,0.333333,1.0,1.0,300.0,300.0,0.0,0.0,1.0,0.0,16.0,0.053333,299.0,64.0,15.0,0.9375,300.0,1.0,1.0,0.118773,1,0.12,1,0.500357,0.263346,1.147488,0.957447,4.0,1.414214,no_phantom_replay,Do not replay phantom candidates,42
125,2104,93,2,0.021505,0.1,0.285714,3,7,0,13,0.3,2.0,2.0,600.0,600.0,0.0,0.0,1.0,0.0,16.0,0.026667,598.0,64.0,14.0,0.875,300.0,1.0,1.0,0.118787,1,0.12,3,0.518113,0.25063,1.119442,0.956989,4.0,1.414214,no_phantom_replay,Do not replay phantom candidates,42
126,2105,92,1,0.01087,0.052632,0.125,2,8,1,14,0.157895,1.0,1.0,300.0,300.0,1.0,1.0,0.0,0.0625,16.0,0.053333,299.0,64.0,15.0,0.9375,300.0,1.0,1.0,0.118787,1,0.12,0,0.530219,0.238065,1.091021,0.978261,2.0,1.414214,no_phantom_replay,Do not replay phantom candidates,42
127,2106,87,0,0.0,0.0,0.0,5,9,1,12,0.142857,2.0,2.0,600.0,600.0,0.666667,0.333333,0.666667,0.041667,16.0,0.026667,598.0,64.0,14.0,0.875,300.0,1.0,1.0,0.11884,1,0.12,2,0.541757,0.22664,1.064519,0.0,0.0,1.414214,no_phantom_replay,Do not replay phantom candidates,42
128,2107,86,1,0.011628,0.055556,0.142857,2,7,0,12,0.222222,0.0,0.0,0.0,0.0,0.0,0.0,0.0,0.0,0.0,0.0,0.0,0.0,0.0,0.0,300.0,0.0,1.0,0.118867,1,0.12,0,0.549724,0.221281,1.051857,0.976744,2.0,1.414214,no_phantom_replay,Do not replay phantom candidates,42
129,2108,86,2,0.023256,0.105263,0.333333,2,6,2,13,0.368421,5.0,5.0,1500.0,1500.0,4.0,0.8,0.2,0.25,16.0,0.010667,1495.0,64.0,11.333333,0.708333,300.0,1.0,1.0,0.11888,1,0.12,1,0.56209,0.213151,1.032355,0.953488,4.0,1.414214,no_phantom_replay,Do not replay phantom candidates,42
130,2109,83,0,0.0,0.0,0.0,3,7,2,14,0.3,4.0,4.0,1200.0,1200.0,2.8,0.7,0.3,0.15,16.0,0.013333,1196.0,64.0,12.6,0.7875,300.0,1.0,1.0,0.118893,1,0.12,2,0.590822,0.186512,0.965691,0.0,0.0,1.414214,no_phantom_replay,Do not replay phantom candidates,42
131,2110,82,1,0.012195,0.052632,0.166667,2,6,0,14,0.368421,0.0,0.0,0.0,0.0,0.0,0.0,0.0,0.0,0.0,0.0,0.0,0.0,0.0,0.0,300.0,0.0,1.0,0.11892,1,0.12,0,0.600054,0.162714,0.901982,0.97561,2.0,1.414214,no_phantom_replay,Do not replay phantom candidates,42
132,2111,81,1,0.012346,0.052632,0.166667,2,6,1,15,0.368421,1.0,1.0,300.0,300.0,1.0,1.0,0.0,0.0625,16.0,0.053333,299.0,64.0,15.0,0.9375,300.0,1.0,1.0,0.118933,1,0.12,0,0.61011,0.144503,0.85001,0.975309,2.0,1.414214,no_phantom_replay,Do not replay phantom candidates,42
133,2112,80,0,0.0,0.0,0.0,1,6,1,15,0.4,2.0,2.0,600.0,600.0,2.0,1.0,0.0,0.125,16.0,0.026667,598.0,64.0,14.0,0.875,300.0,1.0,1.0,0.118933,1,0.12,0,0.614699,0.143479,0.846991,0.0,0.0,1.414214,no_phantom_replay,Do not replay phantom candidates,42
134,2113,79,0,0.0,0.0,0.0,1,7,1,16,0.363636,2.0,2.0,600.0,600.0,0.666667,0.333333,0.666667,0.041667,16.0,0.026667,598.0,64.0,14.333333,0.895833,300.0,1.0,1.0,0.118947,1,0.12,1,0.620025,0.139402,0.83487,0.0,0.0,1.414214,no_phantom_replay,Do not replay phantom candidates,42
135,2114,78,1,0.012821,0.043478,0.142857,2,7,1,15,0.391304,3.0,3.0,900.0,900.0,1.5,0.5,0.5,0.09375,16.0,0.017778,897.0,64.0,13.25,0.828125,300.0,1.0,1.0,0.118973,1,0.12,2,0.626848,0.125953,0.793578,0.974359,2.0,1.414214,no_phantom_replay,Do not replay phantom candidates,42
136,2115,76,1,0.013158,0.045455,0.142857,3,7,1,14,0.363636,2.0,2.0,600.0,600.0,0.666667,0.333333,0.666667,0.041667,16.0,0.026667,598.0,64.0,14.0,0.875,300.0,1.0,1.0,0.119,1,0.12,2,0.639492,0.113578,0.753585,0.973684,2.0,1.414214,no_phantom_replay,Do not replay phantom candidates,42
137,2116,77,2,0.025974,0.086957,0.285714,1,7,0,14,0.391304,1.0,1.0,300.0,300.0,0.0,0.0,1.0,0.0,16.0,0.053333,299.0,64.0,15.0,0.9375,300.0,1.0,1.0,0.119,1,0.12,1,0.640352,0.111151,0.745489,0.974026,2.0,1.414214,no_phantom_replay,Do not replay phantom candidates,42
138,2117,77,2,0.025974,0.071429,0.2,2,10,3,16,0.285714,7.0,7.0,2100.0,2100.0,3.25,0.464286,0.535714,0.195312,16.0,0.007619,2093.0,64.0,9.75,0.609375,300.0,1.0,1.0,0.119,1,0.12,11,0.643551,0.108345,0.73602,0.948052,4.0,1.414214,no_phantom_replay,Do not replay phantom candidates,42
139,2118,76,1,0.013158,0.034483,0.090909,2,11,1,17,0.241379,2.0,2.0,600.0,600.0,0.666667,0.333333,0.666667,0.041667,16.0,0.026667,598.0,64.0,14.0,0.875,300.0,1.0,1.0,0.119,1,0.12,2,0.643507,0.10621,0.728733,0.973684,2.0,1.414214,no_phantom_replay,Do not replay phantom candidates,42
140,2119,79,4,0.050633,0.137931,0.4,1,10,0,17,0.310345,1.0,1.0,300.0,300.0,0.0,0.0,1.0,0.0,16.0,0.053333,299.0,64.0,15.0,0.9375,300.0,1.0,1.0,0.119,1,0.12,1,0.642764,0.104369,0.722389,0.898734,8.0,1.414214,no_phantom_replay,Do not replay phantom candidates,42
141,2120,80,1,0.0125,0.038462,0.125,0,8,0,17,0.384615,1.0,1.0,300.0,300.0,0.0,0.0,1.0,0.0,16.0,0.053333,299.0,64.0,15.0,0.9375,300.0,1.0,1.0,0.118947,1,0.12,1,0.642906,0.104545,0.722997,0.975,2.0,1.414214,no_phantom_replay,Do not replay phantom candidates,42
142,2121,79,0,0.0,0.0,0.0,1,9,1,16,0.357143,4.0,4.0,1200.0,1200.0,2.4,0.6,0.4,0.1375,16.0,0.013333,1196.0,64.0,12.4,0.775,300.0,1.0,1.0,0.118947,1,0.12,3,0.643367,0.105364,0.725825,0.0,0.0,1.414214,no_phantom_replay,Do not replay phantom candidates,42
143,2122,78,0,0.0,0.0,0.0,1,11,4,18,0.266667,8.0,8.0,2400.0,2400.0,4.666667,0.583333,0.416667,0.25,16.0,0.006667,2392.0,64.0,9.888889,0.618056,300.0,1.0,1.0,0.11896,1,0.12,5,0.650369,0.100457,0.708722,0.0,0.0,1.414214,no_phantom_replay,Do not replay phantom candidates,42
144,2123,78,1,0.012821,0.033333,0.1,1,10,0,18,0.333333,1.0,1.0,300.0,300.0,0.0,0.0,1.0,0.0,16.0,0.053333,299.0,64.0,15.0,0.9375,300.0,1.0,1.0,0.118973,1,0.12,1,0.647514,0.098721,0.702571,0.974359,2.0,1.414214,no_phantom_replay,Do not replay phantom candidates,42
145,2124,82,5,0.060976,0.166667,0.5,1,10,0,18,0.333333,1.0,1.0,300.0,300.0,0.0,0.0,1.0,0.0,16.0,0.053333,299.0,64.0,15.0,0.9375,300.0,1.0,1.0,0.118973,1,0.12,1,0.643988,0.095321,0.690367,0.878049,10.0,1.414214,no_phantom_replay,Do not replay phantom candidates,42
146,2125,82,0,0.0,0.0,0.0,0,11,2,18,0.266667,5.0,5.0,1500.0,1500.0,1.666667,0.333333,0.666667,0.104167,16.0,0.010667,1495.0,64.0,11.166667,0.697917,300.0,1.0,1.0,0.118907,1,0.12,9,0.643988,0.095321,0.690367,0.0,0.0,1.414214,no_phantom_replay,Do not replay phantom candidates,42
147,2126,82,1,0.012195,0.03125,0.083333,1,12,1,19,0.25,3.0,3.0,900.0,900.0,1.5,0.5,0.5,0.078125,16.0,0.017778,897.0,64.0,13.5,0.84375,300.0,1.0,1.0,0.11892,1,0.12,2,0.647518,0.094222,0.686376,0.97561,2.0,1.414214,no_phantom_replay,Do not replay phantom candidates,42
148,2127,80,1,0.0125,0.03125,0.083333,3,12,0,17,0.25,2.0,2.0,600.0,600.0,0.0,0.0,1.0,0.0,16.0,0.026667,598.0,64.0,14.333333,0.895833,300.0,1.0,1.0,0.118947,1,0.12,2,0.643301,0.086263,0.656747,0.975,2.0,1.414214,no_phantom_replay,Do not replay phantom candidates,42
149,2128,81,2,0.024691,0.060606,0.153846,1,13,2,18,0.212121,5.0,5.0,1500.0,1500.0,1.666667,0.333333,0.666667,0.09375,16.0,0.010667,1495.0,64.0,12.0,0.75,300.0,1.0,1.0,0.118947,1,0.12,5,0.641491,0.083428,0.645865,0.950617,4.0,1.414214,no_phantom_replay,Do not replay phantom candidates,42
150,2129,82,2,0.02439,0.060606,0.142857,1,14,1,18,0.151515,2.0,2.0,600.0,600.0,0.666667,0.333333,0.666667,0.041667,16.0,0.026667,598.0,64.0,14.0,0.875,300.0,1.0,1.0,0.118933,1,0.12,2,0.642582,0.08231,0.64152,0.97561,2.0,1.414214,no_phantom_replay,Do not replay phantom candidates,42
151,2130,83,2,0.024096,0.060606,0.142857,1,14,0,18,0.151515,0.0,0.0,0.0,0.0,0.0,0.0,0.0,0.0,0.0,0.0,0.0,0.0,0.0,0.0,300.0,0.0,1.0,0.11892,1,0.12,0,0.646922,0.079336,0.629823,0.951807,4.0,1.414214,no_phantom_replay,Do not replay phantom candidates,42
152,2131,86,4,0.046512,0.121212,0.285714,1,14,0,18,0.151515,0.0,0.0,0.0,0.0,0.0,0.0,0.0,0.0,0.0,0.0,0.0,0.0,0.0,0.0,300.0,0.0,1.0,0.118907,1,0.12,0,0.644874,0.076282,0.617585,0.94186,5.333333,1.414214,no_phantom_replay,Do not replay phantom candidates,42
153,2132,85,1,0.011765,0.030303,0.071429,2,14,1,19,0.151515,1.0,1.0,300.0,300.0,1.0,1.0,0.0,0.0625,16.0,0.053333,299.0,64.0,15.0,0.9375,300.0,1.0,1.0,0.11888,1,0.12,0,0.644252,0.075138,0.612934,0.976471,2.0,1.414214,no_phantom_replay,Do not replay phantom candidates,42
154,2133,84,0,0.0,0.0,0.0,1,13,1,19,0.212121,2.0,2.0,600.0,600.0,1.333333,0.666667,0.333333,0.083333,16.0,0.026667,598.0,64.0,14.0,0.875,300.0,1.0,1.0,0.11888,1,0.12,1,0.644837,0.075077,0.612688,0.0,0.0,1.414214,no_phantom_replay,Do not replay phantom candidates,42
155,2134,85,1,0.011765,0.030303,0.083333,0,12,1,20,0.272727,2.0,2.0,600.0,600.0,0.666667,0.333333,0.666667,0.041667,16.0,0.026667,598.0,64.0,14.0,0.875,300.0,1.0,1.0,0.11888,1,0.12,2,0.644524,0.074738,0.611304,0.976471,2.0,1.414214,no_phantom_replay,Do not replay phantom candidates,42
156,2135,86,1,0.011628,0.028571,0.076923,0,13,2,21,0.257143,4.0,4.0,1200.0,1200.0,2.4,0.6,0.4,0.15,16.0,0.013333,1196.0,64.0,12.0,0.75,300.0,1.0,1.0,0.118867,1,0.12,4,0.6441,0.074741,0.611314,0.976744,2.0,1.414214,no_phantom_replay,Do not replay phantom candidates,42
157,2136,91,5,0.054945,0.151515,0.416667,0,12,0,20,0.272727,1.0,1.0,300.0,300.0,0.0,0.0,1.0,0.0,16.0,0.053333,299.0,64.0,15.0,0.9375,300.0,1.0,1.0,0.118853,1,0.12,1,0.645827,0.072429,0.601784,0.89011,10.0,1.414214,no_phantom_replay,Do not replay phantom candidates,42
158,2137,88,1,0.011364,0.027778,0.076923,4,13,3,20,0.277778,8.0,8.0,2400.0,2400.0,3.111111,0.388889,0.611111,0.180556,16.0,0.006667,2392.0,64.0,10.0,0.625,300.0,1.0,1.0,0.11884,1,0.12,10,0.644737,0.070594,0.594114,0.977273,2.0,1.414214,no_phantom_replay,Do not replay phantom candidates,42
159,2138,89,2,0.022472,0.054054,0.142857,1,14,1,21,0.243243,3.0,3.0,900.0,900.0,0.5,0.166667,0.833333,0.03125,16.0,0.017778,897.0,64.0,13.5,0.84375,300.0,1.0,1.0,0.11884,1,0.12,3,0.644666,0.068521,0.585324,0.955056,4.0,1.414214,no_phantom_replay,Do not replay phantom candidates,42
160,2139,88,0,0.0,0.0,0.0,1,14,0,21,0.222222,1.0,1.0,300.0,300.0,0.0,0.0,1.0,0.0,16.0,0.053333,299.0,64.0,15.0,0.9375,300.0,1.0,1.0,0.118827,1,0.12,1,0.647135,0.067005,0.578814,0.0,0.0,1.414214,no_phantom_replay,Do not replay phantom candidates,42
161,2140,89,1,0.011236,0.029412,0.076923,0,13,1,21,0.235294,3.0,3.0,900.0,900.0,2.5,0.833333,0.166667,0.15625,16.0,0.017778,897.0,64.0,13.0,0.8125,300.0,1.0,1.0,0.118827,1,0.12,1,0.647076,0.06768,0.581721,0.977528,2.0,1.414214,no_phantom_replay,Do not replay phantom candidates,42
162,2141,89,1,0.011236,0.030303,0.076923,1,13,2,19,0.212121,5.0,5.0,1500.0,1500.0,1.666667,0.333333,0.666667,0.09375,16.0,0.010667,1495.0,64.0,12.0,0.75,300.0,1.0,1.0,0.118827,1,0.12,5,0.648382,0.067961,0.582927,0.977528,2.0,1.414214,no_phantom_replay,Do not replay phantom candidates,42
163,2142,90,2,0.022222,0.054054,0.153846,1,13,4,20,0.297297,12.0,12.0,3600.0,3600.0,6.923077,0.576923,0.423077,0.336538,16.0,0.004444,3588.0,64.0,7.230769,0.451923,300.0,1.0,1.0,0.118827,1,0.12,13,0.648099,0.067386,0.580455,0.955556,4.0,1.414214,no_phantom_replay,Do not replay phantom candidates,42
164,2143,88,0,0.0,0.0,0.0,2,13,1,21,0.277778,4.0,4.0,1200.0,1200.0,1.6,0.4,0.6,0.05,16.0,0.013333,1196.0,64.0,13.0,0.8125,300.0,1.0,1.0,0.118827,1,0.12,5,0.648222,0.066752,0.577719,0.0,0.0,1.414214,no_phantom_replay,Do not replay phantom candidates,42
165,2144,91,3,0.032967,0.083333,0.230769,0,13,1,22,0.277778,3.0,3.0,900.0,900.0,3.0,1.0,0.0,0.140625,16.0,0.017778,897.0,64.0,13.75,0.859375,300.0,1.0,1.0,0.118827,1,0.12,0,0.6494,0.065726,0.573262,0.96337,3.6,1.414214,no_phantom_replay,Do not replay phantom candidates,42
166,2145,91,2,0.021978,0.0625,0.181818,2,11,0,21,0.3125,3.0,3.0,900.0,900.0,2.5,0.833333,0.166667,0.078125,16.0,0.017778,897.0,64.0,14.5,0.90625,300.0,1.0,1.0,0.118813,1,0.12,0,0.646979,0.063004,0.561266,0.956044,4.0,1.414214,no_phantom_replay,Do not replay phantom candidates,42
167,2146,93,2,0.021505,0.060606,0.153846,0,13,3,22,0.212121,7.0,7.0,2100.0,2100.0,5.75,0.821429,0.178571,0.296875,16.0,0.007619,2093.0,64.0,10.5,0.65625,300.0,1.0,1.0,0.118787,1,0.12,2,0.649252,0.062437,0.558737,0.956989,4.0,1.414214,no_phantom_replay,Do not replay phantom candidates,42
168,2147,95,2,0.021053,0.058824,0.142857,0,14,2,23,0.176471,4.0,4.0,1200.0,1200.0,1.6,0.4,0.6,0.0875,16.0,0.013333,1196.0,64.0,12.4,0.775,300.0,1.0,1.0,0.11876,1,0.12,5,0.648363,0.062485,0.558949,0.957895,4.0,1.414214,no_phantom_replay,Do not replay phantom candidates,42
169,2148,92,0,0.0,0.0,0.0,3,15,1,23,0.166667,3.0,3.0,900.0,900.0,1.5,0.5,0.5,0.0625,16.0,0.017778,897.0,64.0,13.75,0.859375,300.0,1.0,1.0,0.118773,1,0.12,2,0.650698,0.061827,0.555998,0.0,0.0,1.414214,no_phantom_replay,Do not replay phantom candidates,42
170,2149,94,2,0.021277,0.052632,0.125,0,16,2,24,0.157895,6.0,6.0,1800.0,1800.0,2.285714,0.380952,0.619048,0.107143,16.0,0.008889,1794.0,64.0,11.428571,0.714286,300.0,1.0,1.0,0.118773,1,0.12,7,0.651066,0.062137,0.557389,0.978723,2.0,1.414214,no_phantom_replay,Do not replay phantom candidates,42
171,2150,97,3,0.030928,0.081081,0.2,0,15,0,23,0.189189,3.0,3.0,900.0,900.0,1.5,0.5,0.5,0.03125,16.0,0.017778,897.0,64.0,14.0,0.875,300.0,1.0,1.0,0.118747,1,0.12,3,0.651312,0.060884,0.551743,0.938144,6.0,1.414214,no_phantom_replay,Do not replay phantom candidates,42
172,2151,98,1,0.010204,0.027778,0.071429,0,14,0,22,0.222222,3.0,3.0,900.0,900.0,1.5,0.5,0.5,0.03125,16.0,0.017778,897.0,64.0,14.0,0.875,300.0,1.0,1.0,0.118707,1,0.12,3,0.650914,0.06173,0.555561,0.979592,2.0,1.414214,no_phantom_replay,Do not replay phantom candidates,42
173,2152,100,2,0.02,0.054054,0.125,0,16,2,23,0.135135,5.0,5.0,1500.0,1500.0,3.333333,0.666667,0.333333,0.166667,16.0,0.010667,1495.0,64.0,11.833333,0.739583,300.0,1.0,1.0,0.118693,1,0.12,4,0.65086,0.061053,0.552507,0.96,4.0,1.414214,no_phantom_replay,Do not replay phantom candidates,42
174,2153,101,1,0.009901,0.027027,0.0625,0,16,1,24,0.135135,2.0,2.0,600.0,600.0,0.666667,0.333333,0.666667,0.041667,16.0,0.026667,598.0,64.0,14.0,0.875,300.0,1.0,1.0,0.118667,1,0.12,2,0.651466,0.061052,0.552505,0.980198,2.0,1.414214,no_phantom_replay,Do not replay phantom candidates,42
175,2154,105,4,0.038095,0.1,0.235294,0,17,3,27,0.15,5.0,5.0,1500.0,1500.0,2.0,0.4,0.6,0.125,16.0,0.010667,1495.0,64.0,11.0,0.6875,300.0,1.0,1.0,0.118653,1,0.12,9,0.652089,0.060569,0.550314,0.92381,8.0,1.414214,no_phantom_replay,Do not replay phantom candidates,42
176,2155,103,0,0.0,0.0,0.0,2,18,1,25,0.121951,2.0,2.0,600.0,600.0,0.666667,0.333333,0.666667,0.041667,16.0,0.026667,598.0,64.0,14.0,0.875,300.0,1.0,1.0,0.118627,1,0.12,2,0.652293,0.059625,0.546008,0.0,0.0,1.414214,no_phantom_replay,Do not replay phantom candidates,42
177,2156,102,1,0.009804,0.02381,0.055556,2,18,2,26,0.142857,4.0,4.0,1200.0,1200.0,1.6,0.4,0.6,0.1,16.0,0.013333,1196.0,64.0,12.4,0.775,300.0,1.0,1.0,0.118653,1,0.12,4,0.652946,0.060311,0.549141,0.980392,2.0,1.414214,no_phantom_replay,Do not replay phantom candidates,42
178,2157,103,1,0.009709,0.02439,0.058824,0,17,0,25,0.170732,1.0,1.0,300.0,300.0,0.0,0.0,1.0,0.0,16.0,0.053333,299.0,64.0,15.0,0.9375,300.0,1.0,1.0,0.11864,1,0.12,1,0.652593,0.060048,0.547944,0.980583,2.0,1.414214,no_phantom_replay,Do not replay phantom candidates,42
179,2158,106,3,0.028302,0.071429,0.166667,0,18,1,26,0.142857,2.0,2.0,600.0,600.0,0.666667,0.333333,0.666667,0.041667,16.0,0.026667,598.0,64.0,14.0,0.875,300.0,1.0,1.0,0.118627,1,0.12,2,0.651784,0.060949,0.552036,0.943396,6.0,1.414214,no_phantom_replay,Do not replay phantom candidates,42
180,2159,107,1,0.009346,0.023256,0.055556,0,18,3,26,0.162791,7.0,7.0,2100.0,2100.0,3.25,0.464286,0.535714,0.1875,16.0,0.007619,2093.0,64.0,10.0,0.625,300.0,1.0,1.0,0.118587,1,0.12,9,0.651677,0.060716,0.550983,0.981308,2.0,1.414214,no_phantom_replay,Do not replay phantom candidates,42
181,2160,106,1,0.009434,0.022727,0.055556,2,18,1,27,0.181818,3.0,3.0,900.0,900.0,0.5,0.166667,0.833333,0.03125,16.0,0.017778,897.0,64.0,13.25,0.828125,300.0,1.0,1.0,0.1186,1,0.12,4,0.653055,0.06029,0.549043,0.981132,2.0,1.414214,no_phantom_replay,Do not replay phantom candidates,42
182,2161,109,3,0.027523,0.069767,0.176471,0,17,1,27,0.209302,3.0,3.0,900.0,900.0,2.0,0.666667,0.333333,0.109375,16.0,0.017778,897.0,64.0,13.25,0.828125,300.0,1.0,1.0,0.118587,1,0.12,2,0.653194,0.060256,0.548889,0.944954,6.0,1.414214,no_phantom_replay,Do not replay phantom candidates,42
183,2162,111,2,0.018018,0.045455,0.117647,0,17,2,29,0.227273,4.0,4.0,1200.0,1200.0,4.0,1.0,0.0,0.225,16.0,0.013333,1196.0,64.0,12.4,0.775,300.0,1.0,1.0,0.118547,1,0.12,0,0.652676,0.059863,0.547098,0.963964,4.0,1.414214,no_phantom_replay,Do not replay phantom candidates,42
184,2163,111,1,0.009009,0.022727,0.0625,1,16,1,29,0.272727,2.0,2.0,600.0,600.0,2.0,1.0,0.0,0.125,16.0,0.026667,598.0,64.0,14.0,0.875,300.0,1.0,1.0,0.118533,1,0.12,0,0.652883,0.05921,0.544103,0.981982,2.0,1.414214,no_phantom_replay,Do not replay phantom candidates,42
185,2164,114,3,0.026316,0.066667,0.176471,0,17,2,29,0.244444,4.0,4.0,1200.0,1200.0,2.8,0.7,0.3,0.1625,16.0,0.013333,1196.0,64.0,12.2,0.7625,300.0,1.0,1.0,0.11852,1,0.12,3,0.65258,0.059052,0.543379,0.947368,6.0,1.414214,no_phantom_replay,Do not replay phantom candidates,42
186,2165,117,3,0.025641,0.069767,0.214286,0,14,1,26,0.348837,6.0,6.0,1800.0,1800.0,2.857143,0.47619,0.52381,0.133929,16.0,0.008889,1794.0,64.0,11.285714,0.705357,300.0,1.0,1.0,0.11848,1,0.12,7,0.651887,0.059104,0.543617,0.948718,6.0,1.414214,no_phantom_replay,Do not replay phantom candidates,42
187,2166,120,3,0.025,0.071429,0.2,0,15,3,25,0.285714,8.0,8.0,2400.0,2400.0,4.0,0.5,0.5,0.229167,16.0,0.006667,2392.0,64.0,9.222222,0.576389,300.0,1.0,1.0,0.11844,1,0.12,10,0.651643,0.05935,0.544745,0.95,6.0,1.414214,no_phantom_replay,Do not replay phantom candidates,42
188,2167,122,3,0.02459,0.068182,0.176471,1,17,2,25,0.227273,6.0,6.0,1800.0,1800.0,2.0,0.333333,0.666667,0.107143,16.0,0.008889,1794.0,64.0,12.0,0.75,300.0,1.0,1.0,0.118413,1,0.12,4,0.650038,0.059206,0.544084,0.95082,6.0,1.414214,no_phantom_replay,Do not replay phantom candidates,42
189,2168,123,3,0.02439,0.06383,0.166667,2,18,1,26,0.234043,5.0,5.0,1500.0,1500.0,2.666667,0.533333,0.466667,0.125,16.0,0.010667,1495.0,64.0,12.333333,0.770833,300.0,1.0,1.0,0.1184,1,0.12,4,0.648206,0.058669,0.541615,0.95122,6.0,1.414214,no_phantom_replay,Do not replay phantom candidates,42
190,2169,123,1,0.00813,0.021277,0.055556,1,18,1,26,0.234043,4.0,4.0,1200.0,1200.0,0.8,0.2,0.8,0.0375,16.0,0.013333,1196.0,64.0,13.0,0.8125,300.0,1.0,1.0,0.118373,1,0.12,5,0.649146,0.057624,0.536766,0.98374,2.0,1.414214,no_phantom_replay,Do not replay phantom candidates,42
191,2170,125,4,0.032,0.090909,0.266667,2,15,2,26,0.318182,7.0,7.0,2100.0,2100.0,3.5,0.5,0.5,0.15625,16.0,0.007619,2093.0,64.0,11.25,0.703125,300.0,1.0,1.0,0.118387,1,0.12,4,0.650904,0.057272,0.535128,0.936,8.0,1.414214,no_phantom_replay,Do not replay phantom candidates,42
192,2171,126,2,0.015873,0.044444,0.125,1,16,2,27,0.288889,6.0,6.0,1800.0,1800.0,3.142857,0.52381,0.47619,0.169643,16.0,0.008889,1794.0,64.0,10.857143,0.678571,300.0,1.0,1.0,0.118347,1,0.12,7,0.650211,0.05609,0.529578,0.968254,4.0,1.414214,no_phantom_replay,Do not replay phantom candidates,42
193,2172,128,4,0.03125,0.083333,0.25,2,16,1,28,0.333333,6.0,6.0,1800.0,1800.0,2.0,0.333333,0.666667,0.080357,16.0,0.008889,1794.0,64.0,11.0,0.6875,300.0,1.0,1.0,0.118347,1,0.12,12,0.649183,0.055873,0.528549,0.9375,8.0,1.414214,no_phantom_replay,Do not replay phantom candidates,42
194,2173,128,0,0.0,0.0,0.0,0,17,1,28,0.276596,3.0,3.0,900.0,900.0,1.5,0.5,0.5,0.0625,16.0,0.017778,897.0,64.0,13.5,0.84375,300.0,1.0,1.0,0.118293,1,0.12,3,0.649183,0.055873,0.528549,0.0,0.0,1.414214,no_phantom_replay,Do not replay phantom candidates,42
195,2174,129,3,0.023256,0.065217,0.176471,2,17,2,28,0.26087,5.0,5.0,1500.0,1500.0,1.333333,0.266667,0.733333,0.072917,16.0,0.010667,1495.0,64.0,12.0,0.75,300.0,1.0,1.0,0.11832,1,0.12,7,0.650421,0.055327,0.525959,0.953488,6.0,1.414214,no_phantom_replay,Do not replay phantom candidates,42
196,2175,130,3,0.023077,0.066667,0.176471,2,17,1,29,0.244444,2.0,2.0,600.0,600.0,0.666667,0.333333,0.666667,0.041667,16.0,0.026667,598.0,64.0,14.0,0.875,300.0,1.0,1.0,0.118307,1,0.12,2,0.650884,0.054167,0.520416,0.974359,3.6,1.414214,no_phantom_replay,Do not replay phantom candidates,42
197,2176,133,3,0.022556,0.065217,0.166667,0,18,3,30,0.217391,5.0,5.0,1500.0,1500.0,2.333333,0.466667,0.533333,0.145833,16.0,0.010667,1495.0,64.0,11.5,0.71875,300.0,1.0,1.0,0.118267,1,0.12,5,0.651119,0.053796,0.518633,0.954887,6.0,1.414214,no_phantom_replay,Do not replay phantom candidates,42
198,2177,134,2,0.014925,0.046512,0.125,1,16,1,29,0.255814,1.0,1.0,300.0,300.0,1.0,1.0,0.0,0.0625,16.0,0.053333,299.0,64.0,15.0,0.9375,300.0,1.0,1.0,0.11824,1,0.12,0,0.650591,0.053573,0.517558,0.970149,4.0,1.414214,no_phantom_replay,Do not replay phantom candidates,42
199,2178,135,3,0.022222,0.069767,0.2,2,15,0,28,0.302326,1.0,1.0,300.0,300.0,1.0,1.0,0.0,0.03125,16.0,0.053333,299.0,64.0,15.5,0.96875,300.0,1.0,1.0,0.11824,1,0.12,0,0.651762,0.05347,0.517058,0.955556,6.0,1.414214,no_phantom_replay,Do not replay phantom candidates,42
200,2179,136,2,0.014706,0.043478,0.125,1,16,2,28,0.304348,7.0,7.0,2100.0,2100.0,2.5,0.357143,0.642857,0.125,16.0,0.007619,2093.0,64.0,10.75,0.671875,300.0,1.0,1.0,0.118213,1,0.12,9,0.651314,0.053482,0.517117,0.970588,4.0,1.414214,no_phantom_replay,Do not replay phantom candidates,42
201,2180,138,5,0.036232,0.106383,0.294118,3,17,3,29,0.276596,8.0,8.0,2400.0,2400.0,3.777778,0.472222,0.527778,0.180556,16.0,0.006667,2392.0,64.0,9.888889,0.618056,300.0,1.0,1.0,0.118227,1,0.12,12,0.652395,0.052816,0.513888,0.950725,7.142857,1.414214,no_phantom_replay,Do not replay phantom candidates,42
202,2181,139,1,0.007194,0.021277,0.0625,0,16,1,29,0.319149,5.0,5.0,1500.0,1500.0,2.0,0.4,0.6,0.09375,16.0,0.010667,1495.0,64.0,12.666667,0.791667,300.0,1.0,1.0,0.11816,1,0.12,3,0.652514,0.052606,0.512867,0.985612,2.0,1.414214,no_phantom_replay,Do not replay phantom candidates,42
203,2182,142,3,0.021127,0.066667,0.1875,0,16,4,30,0.288889,9.0,9.0,2700.0,2700.0,3.8,0.422222,0.577778,0.1875,16.0,0.005926,2691.0,64.0,9.0,0.5625,300.0,1.0,1.0,0.118147,1,0.12,15,0.653027,0.052287,0.511309,0.957746,6.0,1.414214,no_phantom_replay,Do not replay phantom candidates,42
204,2183,141,1,0.007092,0.021277,0.058824,2,17,3,32,0.276596,6.0,6.0,1800.0,1800.0,4.285714,0.714286,0.285714,0.232143,16.0,0.008889,1794.0,64.0,10.714286,0.669643,300.0,1.0,1.0,0.118133,1,0.12,5,0.653181,0.051893,0.509375,0.985816,2.0,1.414214,no_phantom_replay,Do not replay phantom candidates,42
205,2184,142,2,0.014085,0.041667,0.117647,1,17,3,33,0.291667,6.0,6.0,1800.0,1800.0,2.571429,0.428571,0.571429,0.142857,16.0,0.008889,1794.0,64.0,10.285714,0.642857,300.0,1.0,1.0,0.118133,1,0.12,12,0.652453,0.05133,0.506606,0.971831,4.0,1.414214,no_phantom_replay,Do not replay phantom candidates,42
206,2185,147,5,0.034014,0.098039,0.277778,0,18,1,34,0.294118,3.0,3.0,900.0,900.0,1.0,0.333333,0.666667,0.0625,16.0,0.017778,897.0,64.0,13.0,0.8125,300.0,1.0,1.0,0.118107,1,0.12,4,0.652605,0.051752,0.508685,0.953741,7.142857,1.414214,no_phantom_replay,Do not replay phantom candidates,42
207,2186,149,3,0.020134,0.056604,0.157895,1,19,2,35,0.283019,5.0,5.0,1500.0,1500.0,3.333333,0.666667,0.333333,0.197917,16.0,0.010667,1495.0,64.0,11.333333,0.708333,300.0,1.0,1.0,0.118053,1,0.12,4,0.65184,0.051385,0.506879,0.959732,6.0,1.414214,no_phantom_replay,Do not replay phantom candidates,42
208,2187,151,3,0.019868,0.056604,0.15,1,20,2,35,0.245283,5.0,5.0,1500.0,1500.0,2.0,0.4,0.6,0.114583,16.0,0.010667,1495.0,64.0,11.5,0.71875,300.0,1.0,1.0,0.118027,1,0.12,7,0.651548,0.051012,0.505036,0.960265,6.0,1.414214,no_phantom_replay,Do not replay phantom candidates,42
209,2188,153,3,0.019608,0.054545,0.142857,1,21,2,36,0.236364,6.0,6.0,1800.0,1800.0,4.285714,0.714286,0.285714,0.258929,16.0,0.008889,1794.0,64.0,10.285714,0.642857,300.0,1.0,1.0,0.118,1,0.12,5,0.650911,0.050949,0.504722,0.960784,6.0,1.414214,no_phantom_replay,Do not replay phantom candidates,42
210,2189,158,5,0.031646,0.087719,0.208333,0,24,3,36,0.157895,7.0,7.0,2100.0,2100.0,4.75,0.678571,0.321429,0.242188,16.0,0.007619,2093.0,64.0,10.25,0.640625,300.0,1.0,1.0,0.11796,1,0.12,6,0.649352,0.051086,0.505399,0.967089,5.555556,1.414214,no_phantom_replay,Do not replay phantom candidates,42
211,2190,163,5,0.030675,0.086207,0.208333,0,24,3,37,0.172414,7.0,7.0,2100.0,2100.0,2.75,0.392857,0.607143,0.140625,16.0,0.007619,2093.0,64.0,10.25,0.640625,300.0,1.0,1.0,0.117893,1,0.12,11,0.650482,0.051254,0.50623,0.93865,10.0,1.414214,no_phantom_replay,Do not replay phantom candidates,42
212,2191,162,3,0.018519,0.053571,0.136364,4,22,1,37,0.214286,3.0,3.0,900.0,900.0,1.5,0.5,0.5,0.09375,16.0,0.017778,897.0,64.0,13.0,0.8125,300.0,1.0,1.0,0.11788,1,0.12,3,0.650295,0.051193,0.50593,0.962963,6.0,1.414214,no_phantom_replay,Do not replay phantom candidates,42
213,2192,167,5,0.02994,0.087719,0.227273,0,22,2,38,0.22807,6.0,6.0,1800.0,1800.0,2.571429,0.428571,0.571429,0.142857,16.0,0.008889,1794.0,64.0,10.571429,0.660714,300.0,1.0,1.0,0.11784,1,0.12,10,0.651336,0.051107,0.505503,0.959281,7.142857,1.414214,no_phantom_replay,Do not replay phantom candidates,42
214,2193,169,4,0.023669,0.068966,0.181818,2,22,3,40,0.241379,7.0,7.0,2100.0,2100.0,4.25,0.607143,0.392857,0.226562,16.0,0.007619,2093.0,64.0,10.25,0.640625,300.0,1.0,1.0,0.1178,1,0.12,6,0.65139,0.052201,0.510887,0.970414,5.333333,1.414214,no_phantom_replay,Do not replay phantom candidates,42
215,2194,174,6,0.034483,0.098361,0.25,1,24,3,39,0.213115,7.0,7.0,2100.0,2100.0,3.25,0.464286,0.535714,0.1875,16.0,0.007619,2093.0,64.0,9.625,0.601562,300.0,1.0,1.0,0.11776,1,0.12,13,0.650041,0.052213,0.510946,0.931034,12.0,1.414214,no_phantom_replay,Do not replay phantom candidates,42
216,2195,172,0,0.0,0.0,0.0,2,24,1,40,0.213115,3.0,3.0,900.0,900.0,1.5,0.5,0.5,0.09375,16.0,0.017778,897.0,64.0,13.0,0.8125,300.0,1.0,1.0,0.117707,1,0.12,3,0.648552,0.052188,0.510821,0.0,0.0,1.414214,no_phantom_replay,Do not replay phantom candidates,42
217,2196,173,3,0.017341,0.04918,0.130435,2,23,1,41,0.245902,4.0,4.0,1200.0,1200.0,1.6,0.4,0.6,0.1,16.0,0.013333,1196.0,64.0,12.4,0.775,300.0,1.0,1.0,0.117733,1,0.12,4,0.648535,0.051634,0.508104,0.965318,6.0,1.414214,no_phantom_replay,Do not replay phantom candidates,42
218,2197,177,6,0.033898,0.096774,0.25,2,24,4,41,0.225806,9.0,9.0,2700.0,2700.0,3.4,0.377778,0.622222,0.2125,16.0,0.005926,2691.0,64.0,7.9,0.49375,300.0,1.0,1.0,0.11772,1,0.12,21,0.646706,0.051556,0.507721,0.951036,9.0,1.414214,no_phantom_replay,Do not replay phantom candidates,42
219,2198,176,0,0.0,0.0,0.0,1,24,2,42,0.261538,7.0,7.0,2100.0,2100.0,2.25,0.321429,0.678571,0.09375,16.0,0.007619,2093.0,64.0,10.625,0.664062,300.0,1.0,1.0,0.117653,1,0.12,13,0.647001,0.051707,0.508461,0.0,0.0,1.414214,no_phantom_replay,Do not replay phantom candidates,42
220,2199,179,5,0.027933,0.076923,0.2,2,25,1,41,0.230769,4.0,4.0,1200.0,1200.0,2.0,0.5,0.5,0.0875,16.0,0.013333,1196.0,64.0,12.8,0.8,300.0,1.0,1.0,0.11768,1,0.12,4,0.646047,0.050792,0.503944,0.944134,10.0,1.414214,no_phantom_replay,Do not replay phantom candidates,42
221,2200,179,3,0.01676,0.046875,0.125,3,24,3,43,0.25,7.0,7.0,2100.0,2100.0,3.75,0.535714,0.464286,0.195312,16.0,0.007619,2093.0,64.0,10.125,0.632812,300.0,1.0,1.0,0.117653,1,0.12,9,0.645715,0.05071,0.503536,0.96648,6.0,1.414214,no_phantom_replay,Do not replay phantom candidates,42
222,2201,181,4,0.022099,0.061538,0.16,2,25,2,43,0.230769,4.0,4.0,1200.0,1200.0,1.6,0.4,0.6,0.1,16.0,0.013333,1196.0,64.0,12.2,0.7625,300.0,1.0,1.0,0.11764,1,0.12,5,0.646734,0.050615,0.503064,0.955801,8.0,1.414214,no_phantom_replay,Do not replay phantom candidates,42
223,2202,182,2,0.010989,0.030303,0.08,1,25,0,42,0.242424,2.0,2.0,600.0,600.0,0.666667,0.333333,0.666667,0.020833,16.0,0.026667,598.0,64.0,14.333333,0.895833,300.0,1.0,1.0,0.1176,1,0.12,2,0.647372,0.050377,0.501879,0.978022,4.0,1.414214,no_phantom_replay,Do not replay phantom candidates,42
224,2203,184,4,0.021739,0.057143,0.153846,2,26,3,43,0.257143,11.0,11.0,3300.0,3300.0,4.5,0.409091,0.590909,0.1875,16.0,0.004848,3289.0,64.0,8.5,0.53125,300.0,1.0,1.0,0.1176,1,0.12,20,0.646831,0.051019,0.505071,0.956522,8.0,1.414214,no_phantom_replay,Do not replay phantom candidates,42
225,2204,189,5,0.026455,0.071429,0.2,0,25,2,41,0.285714,10.0,10.0,3000.0,3000.0,5.636364,0.563636,0.436364,0.170455,16.0,0.005333,2990.0,64.0,10.454545,0.653409,300.0,1.0,1.0,0.117547,1,0.12,9,0.646317,0.050263,0.501312,0.94709,10.0,1.414214,no_phantom_replay,Do not replay phantom candidates,42
226,2205,190,2,0.010526,0.027778,0.08,1,25,1,40,0.305556,11.0,11.0,3300.0,3300.0,4.333333,0.393939,0.606061,0.104167,16.0,0.004848,3289.0,64.0,10.833333,0.677083,300.0,1.0,1.0,0.117493,1,0.12,13,0.646327,0.050341,0.501704,0.978947,4.0,1.414214,no_phantom_replay,Do not replay phantom candidates,42
227,2206,190,2,0.010526,0.027027,0.068966,2,29,6,43,0.216216,15.0,15.0,4500.0,4500.0,7.375,0.491667,0.508333,0.246094,16.0,0.003556,4485.0,64.0,8.125,0.507812,300.0,1.0,1.0,0.117493,1,0.12,14,0.646036,0.050104,0.50052,0.989474,2.0,1.414214,no_phantom_replay,Do not replay phantom candidates,42
228,2207,193,4,0.020725,0.052632,0.153846,1,26,2,42,0.315789,13.0,13.0,3900.0,3900.0,6.142857,0.472527,0.527473,0.200893,16.0,0.004103,3887.0,64.0,9.214286,0.575893,300.0,1.0,1.0,0.11748,1,0.12,12,0.644193,0.049665,0.498325,0.974093,5.333333,1.414214,no_phantom_replay,Do not replay phantom candidates,42
229,2208,191,3,0.015707,0.037975,0.115385,5,26,3,42,0.341772,19.0,19.0,5700.0,5700.0,9.0,0.473684,0.526316,0.265625,16.0,0.002807,5681.0,64.0,6.4,0.4,300.0,1.0,1.0,0.117493,1,0.12,32,0.645315,0.049577,0.49788,0.968586,6.0,1.414214,no_phantom_replay,Do not replay phantom candidates,42
230,2209,192,1,0.005208,0.012346,0.037037,0,27,3,42,0.333333,19.0,19.0,5700.0,5700.0,9.2,0.484211,0.515789,0.240625,16.0,0.002807,5681.0,64.0,6.6,0.4125,300.0,1.0,1.0,0.117453,1,0.12,38,0.645597,0.049703,0.498513,0.989583,2.0,1.414214,no_phantom_replay,Do not replay phantom candidates,42
231,2210,196,4,0.020408,0.048193,0.142857,0,28,3,43,0.325301,21.0,21.0,6300.0,6300.0,10.090909,0.480519,0.519481,0.244318,16.0,0.00254,6279.0,64.0,6.5,0.40625,300.0,1.0,1.0,0.11744,1,0.12,38,0.645244,0.049306,0.496516,0.959184,8.0,1.414214,no_phantom_replay,Do not replay phantom candidates,42
232,2211,199,4,0.020101,0.047619,0.142857,1,28,4,43,0.333333,23.0,23.0,6900.0,6900.0,9.666667,0.42029,0.57971,0.255208,16.0,0.002319,6877.0,64.0,5.958333,0.372396,300.0,1.0,1.0,0.1174,1,0.12,35,0.645842,0.049456,0.497274,0.959799,8.0,1.414214,no_phantom_replay,Do not replay phantom candidates,42
233,2212,202,4,0.019802,0.045977,0.142857,1,28,2,43,0.356322,22.0,22.0,6600.0,6600.0,9.391304,0.426877,0.573123,0.195652,16.0,0.002424,6578.0,64.0,6.956522,0.434783,300.0,1.0,1.0,0.11736,1,0.12,38,0.646579,0.049694,0.498468,0.975248,5.333333,1.414214,no_phantom_replay,Do not replay phantom candidates,42
234,2213,200,1,0.005,0.011905,0.035714,3,28,3,41,0.333333,22.0,22.0,6600.0,6600.0,9.565217,0.434783,0.565217,0.182065,16.0,0.002424,6578.0,64.0,6.782609,0.423913,300.0,1.0,1.0,0.117347,1,0.12,43,0.646972,0.049182,0.495892,0.99,2.0,1.414214,no_phantom_replay,Do not replay phantom candidates,42
235,2214,203,3,0.014778,0.035714,0.12,0,25,0,38,0.404762,22.0,22.0,6600.0,6600.0,8.26087,0.375494,0.624506,0.13587,16.0,0.002424,6578.0,64.0,7.913043,0.494565,300.0,1.0,1.0,0.117333,1,0.12,34,0.646606,0.048761,0.493767,0.970443,6.0,1.414214,no_phantom_replay,Do not replay phantom candidates,42
236,2215,204,3,0.014706,0.033708,0.125,2,24,1,37,0.460674,30.0,30.0,9000.0,9000.0,11.741935,0.391398,0.608602,0.171371,16.0,0.001778,8970.0,64.0,6.903226,0.431452,300.0,1.0,1.0,0.11732,1,0.12,39,0.646245,0.049015,0.495051,0.970588,6.0,1.414214,no_phantom_replay,Do not replay phantom candidates,42
237,2216,206,2,0.009709,0.023529,0.086957,0,23,2,35,0.458824,32.0,32.0,9600.0,9600.0,11.818182,0.369318,0.630682,0.1875,16.0,0.001667,9568.0,64.0,6.666667,0.416667,300.0,1.0,1.0,0.11728,1,0.12,37,0.646356,0.04892,0.494568,0.980583,4.0,1.414214,no_phantom_replay,Do not replay phantom candidates,42
238,2217,207,1,0.004831,0.011364,0.043478,0,23,0,35,0.477273,32.0,32.0,9600.0,9600.0,12.787879,0.399621,0.600379,0.153409,16.0,0.001667,9568.0,64.0,7.030303,0.439394,300.0,1.0,1.0,0.117253,1,0.12,47,0.64645,0.048997,0.49496,0.990338,2.0,1.414214,no_phantom_replay,Do not replay phantom candidates,42
239,2218,210,4,0.019048,0.045977,0.181818,1,22,0,35,0.494253,32.0,32.0,9600.0,9600.0,13.454545,0.420455,0.579545,0.164773,16.0,0.001667,9568.0,64.0,6.848485,0.42803,300.0,1.0,1.0,0.117253,1,0.12,49,0.647023,0.048549,0.492693,0.961905,8.0,1.414214,no_phantom_replay,Do not replay phantom candidates,42
240,2219,212,3,0.014151,0.032967,0.130435,1,23,3,35,0.494505,40.0,40.0,12000.0,12000.0,17.121951,0.428049,0.571951,0.178354,16.0,0.001333,11960.0,64.0,7.121951,0.445122,300.0,1.0,1.0,0.117213,1,0.12,56,0.64677,0.048336,0.491611,0.971698,6.0,1.414214,no_phantom_replay,Do not replay phantom candidates,42
