year,population_size,birth_count,death_count,matched_pair_count,unmatched_rate,mean_visible_candidate_count,median_visible_candidate_count,visibility_coverage_rate,theoretical_area_coverage,effective_birth_probability,selection_worker_count,trait_mean,trait_variance,trait_diversity,reproductive_concentration,effective_parent_count,visibility_radius
1,1008,8,0,42,0.704225,24.309859,25.0,0.085901,0.102172,0.2,1,-0.002464,1.004881,2.241519,0.984127,16.0,0.180339
2,983,9,34,42,0.708333,25.055556,25.0,0.087302,0.102572,0.2013,1,0.003737,1.00128,2.237499,0.981689,18.0,0.180692
3,963,8,28,47,0.676976,25.367698,26.0,0.087475,0.102989,0.20225,1,0.00924,0.995073,2.230552,0.98702,12.8,0.181059
4,949,6,20,45,0.689655,25.655172,26.0,0.088772,0.103424,0.20285,1,0.01383,0.993825,2.229153,0.987355,12.0,0.181441
5,939,9,19,44,0.701695,26.135593,27.0,0.088897,0.103878,0.2035,1,0.015345,0.992379,2.227531,0.984617,14.727273,0.181839
6,925,7,21,45,0.691781,25.842466,27.0,0.088806,0.10435,0.2041,1,0.019795,0.986059,2.220426,0.988571,10.888889,0.182252
7,912,8,21,45,0.698997,26.528428,28.0,0.089022,0.104843,0.2048,1,0.026851,0.984423,2.218584,0.982456,16.0,0.182681
8,897,10,25,43,0.714286,26.996678,28.0,0.089989,0.105357,0.20565,8,0.033211,0.986704,2.221152,0.984838,14.285714,0.183128
9,884,7,20,43,0.711409,26.483221,27.0,0.089169,0.105892,0.20615,1,0.036321,0.986549,2.220978,0.988041,10.888889,0.183593
10,875,7,16,44,0.704698,26.57047,27.0,0.089463,0.106451,0.2066,1,0.039319,0.984734,2.218935,0.984,14.0,0.184077
11,867,10,18,47,0.686667,27.093333,27.0,0.090613,0.107033,0.20715,8,0.046292,0.981568,2.215365,0.981084,16.666667,0.18458
12,862,8,13,43,0.711409,27.040268,27.0,0.091045,0.10764,0.2073,1,0.054138,0.982155,2.216027,0.981439,16.0,0.185103
13,848,5,19,43,0.709459,27.655405,27.0,0.093747,0.108274,0.20785,1,0.059294,0.978244,2.21161,0.988208,10.0,0.185646
14,847,10,11,44,0.702703,27.094595,27.0,0.091846,0.108934,0.20815,1,0.064203,0.976081,2.209164,0.980638,16.666667,0.186212
15,841,11,17,43,0.717105,28.480263,28.0,0.093994,0.109623,0.2085,8,0.075921,0.977919,2.211242,0.978165,18.615385,0.1868
16,835,7,13,44,0.71521,29.100324,29.0,0.094482,0.110342,0.2086,8,0.082905,0.978422,2.211811,0.983234,14.0,0.187411
17,827,7,15,44,0.71521,29.268608,29.0,0.095028,0.111092,0.209,8,0.089689,0.976228,2.20933,0.987217,10.888889,0.188047
18,832,11,6,45,0.71246,29.578275,29.0,0.094802,0.111874,0.20895,8,0.09598,0.974733,2.207637,0.973558,22.0,0.188708
19,825,3,10,47,0.699681,29.942492,30.0,0.09597,0.11269,0.2089,8,0.100091,0.970573,2.202922,0.992727,6.0,0.189395
20,828,14,11,48,0.694268,30.267516,30.0,0.096701,0.113542,0.2093,8,0.107965,0.966793,2.198628,0.966184,28.0,0.190109
21,825,14,17,48,0.686275,29.79085,30.0,0.097675,0.114431,0.20945,8,0.115892,0.966067,2.197802,0.974372,21.777778,0.190852
22,825,12,12,48,0.677852,29.288591,30.0,0.098615,0.115358,0.20935,1,0.127614,0.960395,2.191341,0.975354,20.571429,0.191624
23,827,11,9,47,0.681356,29.342373,30.0,0.099804,0.116327,0.2092,1,0.13362,0.954648,2.184775,0.981313,16.133333,0.192426
24,823,9,13,45,0.692833,29.863481,29.0,0.102272,0.117337,0.2093,1,0.138596,0.951846,2.181566,0.982449,14.727273,0.193261
25,817,11,17,47,0.678082,30.178082,30.0,0.103705,0.118392,0.2097,1,0.146286,0.944563,2.173204,0.973072,22.0,0.194128
26,811,10,16,48,0.674576,30.650847,30.0,0.104255,0.119494,0.20995,1,0.155533,0.934026,2.161049,0.975339,20.0,0.195029
27,805,6,12,48,0.671233,30.80137,30.0,0.105847,0.120644,0.21005,1,0.156939,0.928795,2.154988,0.985093,12.0,0.195965
28,806,10,9,51,0.647059,30.99654,30.0,0.107627,0.121846,0.2102,1,0.158854,0.920973,2.145894,0.975186,20.0,0.196938
29,805,8,9,47,0.669014,30.697183,30.0,0.108471,0.1231,0.21015,1,0.163821,0.913229,2.136854,0.980124,16.0,0.197949
30,798,8,15,46,0.674912,30.579505,31.0,0.108438,0.12441,0.2105,1,0.173207,0.910233,2.133346,0.987469,10.666667,0.199
31,795,13,16,47,0.66065,30.259928,30.0,0.109637,0.125779,0.2109,1,0.184568,0.900975,2.122469,0.967296,26.0,0.200092
32,791,4,8,44,0.681159,30.536232,30.0,0.111041,0.127209,0.21065,1,0.186756,0.896848,2.117602,0.989886,8.0,0.201226
33,787,10,14,43,0.687273,30.32,30.0,0.110657,0.128703,0.21115,1,0.195796,0.894424,2.114739,0.979161,16.666667,0.202404
34,783,10,14,46,0.664234,30.875912,31.0,0.113099,0.130264,0.21135,1,0.202787,0.888674,2.10793,0.979055,16.666667,0.203628
35,782,11,12,43,0.680297,30.758364,30.0,0.11477,0.131896,0.21145,1,0.207822,0.884837,2.103375,0.980237,16.133333,0.204899
36,781,8,9,40,0.698113,30.920755,30.0,0.117124,0.133601,0.21135,1,0.217002,0.874972,2.091617,0.979513,16.0,0.20622
37,779,9,11,41,0.683398,30.664093,31.0,0.118853,0.135383,0.2115,1,0.226713,0.873172,2.089464,0.976893,18.0,0.207591
38,775,11,15,42,0.683019,31.864151,32.0,0.120698,0.137247,0.2118,1,0.242051,0.858879,2.072293,0.971613,22.0,0.209015
39,777,11,9,44,0.672862,32.639405,33.0,0.121789,0.139195,0.2117,1,0.246391,0.851442,2.063301,0.971686,22.0,0.210493
40,782,14,9,46,0.660517,33.95572,34.0,0.125762,0.141233,0.2116,1,0.257615,0.84385,2.054081,0.968944,24.5,0.212028
41,777,4,9,45,0.666667,34.933333,36.0,0.129864,0.143364,0.21135,1,0.263009,0.838089,2.047057,0.989704,8.0,0.213621
42,782,13,8,42,0.683019,34.686792,36.0,0.131389,0.145592,0.21155,1,0.273756,0.830547,2.037826,0.971474,22.533333,0.215275
43,773,5,14,40,0.692308,34.561538,36.0,0.133442,0.147923,0.2116,1,0.283706,0.823652,2.029349,0.987063,10.0,0.216992
44,769,8,12,44,0.658915,35.007752,37.0,0.136217,0.150362,0.21195,1,0.293074,0.813219,2.016457,0.983745,12.8,0.218774
45,774,8,3,42,0.665339,34.390438,36.0,0.137562,0.152914,0.2117,1,0.299133,0.809589,2.01195,0.979328,16.0,0.220622
46,771,7,10,43,0.653226,34.540323,35.0,0.139839,0.155585,0.2118,1,0.307594,0.801018,2.001272,0.981842,14.0,0.22254
47,771,7,7,43,0.653226,34.725806,35.0,0.14059,0.15838,0.2118,1,0.313529,0.795177,1.993963,0.981842,14.0,0.22453
48,766,9,14,45,0.635628,34.809717,35.0,0.141503,0.161305,0.21215,1,0.323543,0.781327,1.976521,0.981143,14.727273,0.226594
49,765,9,10,43,0.65873,35.452381,36.0,0.141245,0.164368,0.2122,1,0.331929,0.776599,1.970532,0.981118,14.727273,0.228735
50,763,6,8,47,0.624,35.696,36.0,0.143357,0.167574,0.21215,1,0.338737,0.77101,1.963429,0.984273,12.0,0.230955
51,763,16,16,48,0.61753,36.310757,36.0,0.145243,0.170931,0.21265,1,0.353658,0.754205,1.941913,0.95806,32.0,0.233257
52,760,6,9,47,0.629921,37.685039,38.0,0.148953,0.174446,0.2123,1,0.362606,0.738089,1.921053,0.984211,12.0,0.235644
53,761,12,11,48,0.626459,39.105058,40.0,0.152754,0.178128,0.21255,1,0.372688,0.730159,1.910706,0.973281,20.571429,0.238117
54,765,8,4,48,0.623529,39.858824,41.0,0.156925,0.181984,0.21215,1,0.376855,0.725907,1.905134,0.979085,16.0,0.240681
55,769,13,9,50,0.610895,41.136187,42.0,0.160688,0.186024,0.2122,1,0.384362,0.7169,1.893277,0.96619,26.0,0.243338
56,766,9,12,52,0.601533,42.628352,43.0,0.163955,0.190256,0.21215,1,0.398919,0.700665,1.871717,0.976501,18.0,0.24609
57,771,12,7,51,0.610687,44.328244,45.0,0.16984,0.19469,0.21205,1,0.405437,0.694241,1.863117,0.968872,24.0,0.248941
58,771,16,16,55,0.589552,46.268657,46.5,0.173291,0.199336,0.21225,1,0.425029,0.670014,1.83032,0.963359,28.444444,0.251894
59,767,11,15,57,0.573034,47.340824,47.0,0.177973,0.204204,0.2122,1,0.436425,0.652354,1.806037,0.971317,22.0,0.254951
60,769,14,12,58,0.57037,49.051852,49.0,0.182349,0.209306,0.21225,1,0.449516,0.638864,1.787267,0.963589,28.0,0.258117
61,766,7,10,57,0.568182,49.757576,50.5,0.189192,0.214654,0.21205,1,0.453877,0.631815,1.777379,0.981723,14.0,0.261393
62,768,13,11,56,0.577358,51.426415,52.0,0.194797,0.220259,0.21225,1,0.466115,0.617115,1.75658,0.970954,22.533333,0.264784
63,771,12,9,60,0.548872,52.676692,54.0,0.19878,0.226133,0.21205,1,0.471535,0.610013,1.746443,0.968872,24.0,0.268292
64,768,12,15,59,0.549618,53.427481,54.0,0.204703,0.232292,0.2122,1,0.485104,0.594762,1.724473,0.96875,24.0,0.271921
65,775,17,10,60,0.548872,55.736842,56.5,0.210328,0.238747,0.2121,1,0.498229,0.574425,1.694735,0.960987,30.421053,0.275673
66,777,12,10,58,0.555556,55.639847,56.0,0.213999,0.245515,0.21175,1,0.507956,0.564757,1.680412,0.969112,24.0,0.279553
67,786,14,5,59,0.539062,55.84375,56.0,0.218995,0.25261,0.2114,1,0.515796,0.555078,1.66595,0.964377,28.0,0.283563
68,784,10,12,56,0.552,55.056,56.0,0.221108,0.260048,0.2113,1,0.525137,0.539936,1.64307,0.97449,20.0,0.287708
69,783,6,7,56,0.560784,56.588235,59.0,0.222788,0.267845,0.21115,1,0.532544,0.529122,1.626533,0.984674,12.0,0.291989
70,784,11,10,55,0.563492,57.095238,58.0,0.227471,0.276019,0.21135,1,0.537531,0.519716,1.612011,0.971939,22.0,0.296411
71,782,6,8,54,0.573123,58.58498,59.0,0.23248,0.284588,0.2112,1,0.54154,0.509387,1.595912,0.984655,12.0,0.300977
72,781,10,11,56,0.553785,60.270916,60.0,0.241084,0.293571,0.21145,1,0.549496,0.49795,1.577894,0.979001,16.666667,0.30569
73,791,15,5,61,0.527132,63.310078,64.0,0.246343,0.302987,0.2112,1,0.558234,0.488249,1.562449,0.962073,30.0,0.310554
74,793,14,12,63,0.509728,64.575875,65.0,0.25225,0.312856,0.21105,1,0.566782,0.481152,1.551051,0.976581,19.6,0.315571
75,799,17,11,64,0.509579,66.873563,68.0,0.257206,0.3232,0.2109,1,0.574293,0.471225,1.534968,0.962159,30.421053,0.320745
76,809,17,7,64,0.524164,71.695167,73.0,0.267519,0.334039,0.2104,1,0.583767,0.455465,1.50908,0.957973,34.0,0.32608
77,808,11,12,64,0.520599,73.348315,76.0,0.275746,0.345397,0.21015,1,0.594015,0.444602,1.490977,0.977273,18.615385,0.331577
78,810,16,14,69,0.501805,77.104693,80.0,0.279365,0.357297,0.2103,1,0.609104,0.423914,1.455875,0.960494,32.0,0.337241
79,811,14,13,68,0.50365,78.058394,80.0,0.285928,0.369763,0.21015,1,0.61618,0.410808,1.433193,0.965475,28.0,0.343073
80,812,14,13,69,0.501805,81.039711,84.0,0.293622,0.382819,0.2101,1,0.630029,0.390201,1.396784,0.965517,28.0,0.349077
81,816,14,10,69,0.503597,81.913669,84.0,0.295717,0.396491,0.2099,1,0.639625,0.37658,1.372187,0.970238,24.5,0.355256
82,825,18,9,71,0.496454,84.347518,86.0,0.300169,0.410805,0.20965,1,0.645502,0.364923,1.350782,0.956364,36.0,0.361612
83,833,16,8,73,0.496552,88.855172,91.0,0.307457,0.425788,0.20915,1,0.651641,0.355317,1.332887,0.961585,32.0,0.368147
84,828,11,16,79,0.457045,91.642612,94.0,0.316009,0.441467,0.20915,1,0.658918,0.343504,1.310541,0.97343,22.0,0.374865
85,840,22,10,79,0.462585,95.707483,98.0,0.326647,0.457871,0.2091,1,0.666674,0.329165,1.282896,0.952165,40.333333,0.381766
86,854,23,9,72,0.503448,96.365517,98.0,0.333445,0.475028,0.20845,1,0.670048,0.322073,1.269001,0.954689,39.185185,0.388852
87,857,13,10,71,0.513699,99.253425,99.0,0.341077,0.492967,0.2078,1,0.674323,0.316343,1.257663,0.969662,26.0,0.396126
88,863,14,8,70,0.517241,99.868966,99.0,0.345567,0.511717,0.20755,1,0.678595,0.308156,1.241282,0.967555,28.0,0.40359
89,863,13,13,71,0.512027,102.838488,101.0,0.354615,0.531308,0.2075,1,0.684666,0.296722,1.218036,0.974151,22.533333,0.411243
90,870,22,15,70,0.522184,106.109215,106.0,0.363388,0.551771,0.2076,1,0.689811,0.287765,1.19951,0.957785,37.230769,0.419087
91,875,10,5,69,0.54,111.113333,110.0,0.371616,0.573135,0.20675,8,0.691574,0.28527,1.194299,0.981257,16.666667,0.427124
92,891,21,5,74,0.517915,116.76873,116.0,0.381597,0.595432,0.2065,8,0.695292,0.279548,1.18226,0.957138,38.347826,0.435352
93,909,22,4,81,0.488959,123.375394,121.0,0.390428,0.61869,0.20565,8,0.69742,0.276061,1.174863,0.951595,44.0,0.443774
94,916,16,9,81,0.501538,129.809231,126.0,0.400646,0.642941,0.205,8,0.699723,0.27272,1.167733,0.969159,28.444444,0.452388
95,927,17,6,85,0.480122,134.954128,131.0,0.41397,0.668215,0.2045,8,0.703446,0.2676,1.15672,0.967384,30.421053,0.461193
96,932,14,9,85,0.495549,145.026706,142.0,0.431627,0.69454,0.2041,8,0.707031,0.263695,1.148248,0.973942,24.5,0.47019
97,937,13,8,85,0.492537,148.268657,145.0,0.443918,0.721947,0.2038,8,0.709954,0.258146,1.136104,0.972252,26.0,0.479377
98,944,22,15,90,0.475219,157.725948,155.0,0.461187,0.750462,0.2039,8,0.714995,0.252893,1.124483,0.961094,37.230769,0.488753
99,956,19,7,90,0.478261,163.524638,160.0,0.475362,0.780115,0.20315,8,0.718023,0.24783,1.113172,0.964215,34.380952,0.498315
100,963,16,9,98,0.447887,172.783099,168.0,0.488088,0.81093,0.20265,8,0.720594,0.243862,1.104224,0.974039,25.6,0.508062
101,969,19,13,99,0.446927,180.631285,177.0,0.50597,0.842934,0.2025,8,0.724342,0.23601,1.086301,0.964695,34.380952,0.517991
102,984,23,8,99,0.45,189.144444,187.0,0.526865,0.876151,0.20195,8,0.727445,0.231032,1.074784,0.963856,36.482759,0.528098
103,998,24,10,101,0.454054,200.081081,196.0,0.542225,0.910603,0.2013,8,0.730748,0.225809,1.062564,0.951904,48.0,0.538381
104,1007,16,7,101,0.464191,211.267905,209.0,0.561883,0.94631,0.20045,8,0.732754,0.223359,1.056784,0.971946,28.444444,0.548835
105,1019,20,8,99,0.477573,219.6781,217.0,0.581159,0.983292,0.20005,8,0.735575,0.219308,1.047158,0.960746,40.0,0.559457
106,1020,16,15,101,0.467018,228.817942,226.0,0.605338,1.0,0.1998,8,0.740561,0.212492,1.030757,0.972304,28.444444,0.570241
107,1037,25,8,104,0.45974,242.212987,241.0,0.630763,1.0,0.1994,8,0.743515,0.208167,1.020213,0.961967,40.322581,0.581183
108,1041,19,15,108,0.451777,258.096447,258.0,0.656734,1.0,0.1989,8,0.746164,0.204893,1.012159,0.970373,31.391304,0.592276
109,1055,23,9,107,0.454082,266.127551,265.0,0.680633,1.0,0.1984,8,0.749234,0.200446,1.001113,0.960025,42.32,0.603517
110,1079,31,7,113,0.436409,282.074813,283.0,0.705187,1.0,0.1976,8,0.75214,0.197358,0.993374,0.952585,51.945946,0.614897
111,1108,34,5,116,0.428571,294.054187,296.0,0.72606,1.0,0.1963,8,0.755007,0.193529,0.98369,0.945424,60.842105,0.62641
112,1121,27,14,118,0.42439,304.058537,307.0,0.743419,1.0,0.1953,8,0.758189,0.189045,0.972227,0.958437,47.032258,0.63805
113,1132,27,16,120,0.418886,312.053269,316.0,0.757411,1.0,0.19475,8,0.762362,0.183282,0.957294,0.952297,54.0,0.649809
114,1146,20,6,118,0.434053,323.194245,329.0,0.776909,1.0,0.1937,8,0.763951,0.181423,0.952426,0.968412,36.363636,0.661679
115,1166,27,7,119,0.438679,335.320755,342.0,0.79272,1.0,0.19305,8,0.766387,0.178849,0.945645,0.956991,50.275862,0.673653
116,1167,18,17,124,0.429885,351.806897,360.0,0.810615,1.0,0.19255,8,0.76863,0.174203,0.933283,0.969152,36.0,0.685721
117,1191,32,8,128,0.428571,371.357143,381.0,0.830777,1.0,0.19205,8,0.771084,0.171559,0.926172,0.952561,56.888889,0.697875
118,1210,23,4,131,0.422907,383.30837,393.0,0.846155,1.0,0.19065,8,0.772056,0.169474,0.920528,0.96802,39.185185,0.710107
119,1228,27,9,138,0.39738,394.921397,408.0,0.864161,1.0,0.18995,8,0.77449,0.166208,0.911613,0.962058,47.032258,0.722407
120,1248,29,9,137,0.413276,410.068522,423.0,0.879975,1.0,0.18905,8,0.775849,0.163289,0.903573,0.953526,58.0,0.734767
121,1273,31,6,138,0.417722,423.506329,437.5,0.895362,1.0,0.1879,8,0.778338,0.161239,0.897885,0.95981,51.945946,0.747175
122,1292,28,9,138,0.41649,428.156448,440.0,0.907111,1.0,0.1868,8,0.780402,0.158459,0.890111,0.962406,49.0,0.759623
123,1314,26,4,141,0.414938,441.622407,452.0,0.918134,1.0,0.1856,8,0.781451,0.156925,0.885792,0.966046,45.066667,0.772101
124,1325,25,14,140,0.419087,447.854772,456.0,0.931091,1.0,0.185,8,0.783517,0.153039,0.874754,0.970234,40.322581,0.784599
125,1347,28,6,141,0.427992,464.482759,472.0,0.944071,1.0,0.18405,8,0.786103,0.151557,0.870508,0.958426,56.0,0.797107
126,1367,26,6,145,0.417671,473.694779,481.0,0.953108,1.0,0.18295,8,0.787361,0.149802,0.865455,0.964774,48.285714,0.809615
127,1391,33,9,147,0.420118,486.485207,494.0,0.961433,1.0,0.1821,8,0.788892,0.147908,0.859964,0.957955,58.864865,0.822113
128,1410,25,6,152,0.415385,502.423077,511.5,0.96806,1.0,0.18075,8,0.789828,0.146472,0.855781,0.964539,50.0,0.834591
129,1422,21,9,159,0.408922,523.702602,533.0,0.975238,1.0,0.17995,8,0.790944,0.144692,0.850564,0.975554,35.28,0.847039
130,1438,26,10,164,0.407942,541.776173,552.0,0.979704,1.0,0.1794,8,0.792571,0.142906,0.8453,0.963839,52.0,0.859447
131,1452,24,10,164,0.413238,549.234347,558.0,0.984291,1.0,0.1786,8,0.794441,0.140708,0.838774,0.966942,48.0,0.871806
132,1480,40,12,168,0.395683,547.809353,555.0,0.987044,1.0,0.178,8,0.796155,0.138306,0.831581,0.951081,72.727273,0.884106
133,1504,35,11,165,0.421053,563.164912,569.0,0.989745,1.0,0.17655,8,0.797992,0.136415,0.82588,0.953457,70.0,0.896338
134,1509,23,18,168,0.414634,568.324042,573.0,0.99184,1.0,0.1757,8,0.799523,0.135076,0.821815,0.974357,39.185185,0.908493
135,1534,33,8,169,0.430017,588.279933,592.0,0.993716,1.0,0.17495,8,0.801246,0.133123,0.815853,0.961874,58.864865,0.920561
136,1559,36,11,168,0.434343,590.30303,593.0,0.995452,1.0,0.17385,8,0.80333,0.131135,0.809736,0.958663,64.8,0.932534
137,1581,32,10,175,0.427169,607.993453,610.0,0.996711,1.0,0.17255,8,0.804944,0.128818,0.802551,0.96197,60.235294,0.944404
138,1606,42,17,176,0.431341,616.552504,618.0,0.997658,1.0,0.1718,8,0.806864,0.125905,0.793427,0.954634,73.5,0.956163
139,1620,25,11,180,0.426752,626.044586,627.0,0.998476,1.0,0.17025,8,0.807923,0.124278,0.788282,0.969136,50.0,0.967803
140,1628,27,19,189,0.409375,638.30625,639.0,0.998914,1.0,0.16995,8,0.809594,0.121347,0.778931,0.969196,50.275862,0.979317
141,1657,41,12,195,0.399076,647.633282,648.0,0.999434,1.0,0.1692,8,0.811134,0.119013,0.771404,0.957225,71.531915,0.990697
142,1690,44,11,196,0.406061,658.769697,659.0,0.999651,1.0,0.1677,8,0.813266,0.117113,0.765221,0.952448,80.666667,1.001937
143,1712,35,13,201,0.404444,673.78963,674.0,0.999688,1.0,0.16615,8,0.814729,0.11566,0.76046,0.963518,62.820513,1.013031
144,1746,44,10,203,0.402062,677.888071,678.0,0.999835,1.0,0.1649,8,0.816674,0.114201,0.755647,0.951838,84.173913,1.023973
145,1773,41,14,210,0.393939,691.91342,692.0,0.999875,1.0,0.1634,8,0.818636,0.112049,0.748494,0.961895,68.612245,1.034757
146,1795,33,11,215,0.387464,700.94302,701.0,0.999919,1.0,0.1619,8,0.820145,0.110378,0.742893,0.967418,58.864865,1.045379
147,1819,39,15,203,0.423295,702.948864,703.0,0.999927,1.0,0.161,8,0.821805,0.108804,0.737576,0.961292,70.744186,1.055833
148,1841,32,10,206,0.417256,705.971711,706.0,0.99996,1.0,0.15955,8,0.823455,0.107404,0.732816,0.967341,60.235294,1.066116
149,1874,43,10,208,0.411598,705.983027,706.0,0.999976,1.0,0.15845,8,0.825209,0.105603,0.726647,0.965129,67.236364,1.076223
150,1904,41,11,217,0.406293,729.989056,730.0,0.999985,1.0,0.15685,8,0.826606,0.103781,0.720352,0.962774,71.531915,1.086151
151,1917,30,17,221,0.407507,745.0,745.0,1.0,1.0,0.15565,8,0.827985,0.101969,0.714033,0.972596,52.941176,1.095898
152,1932,28,13,224,0.405046,752.0,752.0,1.0,1.0,0.1548,8,0.828714,0.100827,0.710024,0.97486,49.0,1.105461
153,1948,30,14,225,0.408673,760.0,760.0,1.0,1.0,0.1541,8,0.830209,0.099445,0.70514,0.971184,56.25,1.114836
154,1966,34,16,232,0.403599,777.0,777.0,1.0,1.0,0.1534,8,0.831193,0.098295,0.701053,0.967387,64.222222,1.124023
155,1989,38,15,232,0.410419,786.0,786.0,1.0,1.0,0.15245,8,0.832349,0.096778,0.695622,0.9656,68.761905,1.13302
156,2019,42,12,236,0.408521,797.0,797.0,1.0,1.0,0.15115,8,0.833385,0.095533,0.691133,0.963914,73.5,1.141826
157,2046,40,13,228,0.422053,788.0,788.0,1.0,1.0,0.1497,8,0.834987,0.093684,0.684413,0.964614,72.727273,1.15044
158,2064,35,17,232,0.411914,788.0,788.0,1.0,1.0,0.14855,8,0.836671,0.092085,0.678545,0.967968,66.216216,1.158861
159,2097,50,17,240,0.402242,802.0,802.0,1.0,1.0,0.14765,8,0.838287,0.090195,0.671545,0.957692,89.285714,1.16709
160,2112,30,15,245,0.407497,826.0,826.0,1.0,1.0,0.1459,8,0.838929,0.089198,0.667824,0.973422,56.25,1.175126
161,2138,44,18,250,0.401198,834.0,834.0,1.0,1.0,0.1453,8,0.84046,0.087733,0.662317,0.96407,77.44,1.182971
162,2160,34,12,258,0.400697,860.0,860.0,1.0,1.0,0.1437,8,0.841278,0.086734,0.658536,0.970316,64.222222,1.190624
163,2175,27,12,261,0.4,869.0,869.0,1.0,1.0,0.1426,8,0.842171,0.08589,0.655324,0.976943,50.275862,1.198087
164,2201,39,13,263,0.402273,879.0,879.0,1.0,1.0,0.1419,8,0.843317,0.084955,0.651746,0.966332,74.195122,1.205361
165,2219,40,22,263,0.410314,891.0,891.0,1.0,1.0,0.14105,8,0.844609,0.083503,0.646155,0.967373,72.727273,1.212448
166,2256,47,10,264,0.410056,894.0,894.0,1.0,1.0,0.13955,8,0.845606,0.082253,0.641299,0.967614,74.881356,1.219349
167,2283,41,14,268,0.409041,906.0,906.0,1.0,1.0,0.1379,8,0.846181,0.081087,0.636736,0.967416,74.711111,1.226066
168,2297,38,24,277,0.397826,919.0,919.0,1.0,1.0,0.13705,8,0.847367,0.079619,0.630947,0.970213,68.761905,1.232602
169,2310,30,17,277,0.400433,923.0,923.0,1.0,1.0,0.136,8,0.848395,0.078626,0.627001,0.974026,60.0,1.238957
170,2324,26,12,283,0.389428,926.0,926.0,1.0,1.0,0.1351,8,0.848919,0.078037,0.624646,0.97928,48.285714,1.245136
171,2339,32,17,278,0.401507,928.0,928.0,1.0,1.0,0.13465,8,0.850064,0.077142,0.621056,0.975844,56.888889,1.251141
172,2353,33,19,284,0.39381,936.0,936.0,1.0,1.0,0.134,8,0.851322,0.076079,0.616762,0.976587,55.846154,1.256973
173,2380,39,12,283,0.399151,941.0,941.0,1.0,1.0,0.13295,8,0.852669,0.075237,0.613341,0.97326,64.723404,1.262637
174,2404,38,14,289,0.397289,958.0,958.0,1.0,1.0,0.1317,8,0.853562,0.074222,0.609188,0.968386,76.0,1.268134
175,2427,40,17,298,0.390593,977.0,977.0,1.0,1.0,0.13065,8,0.855123,0.073533,0.606355,0.968644,76.190476,1.273468
176,2450,37,14,294,0.404255,986.0,986.0,1.0,1.0,0.12935,8,0.856242,0.072675,0.602805,0.971384,70.205128,1.278642
177,2465,31,16,302,0.403751,1012.0,1012.0,1.0,1.0,0.1283,8,0.857266,0.072014,0.600057,0.976418,58.242424,1.28366
178,2495,53,23,305,0.391825,1002.0,1002.0,1.0,1.0,0.1279,8,0.858932,0.070744,0.594745,0.964775,89.174603,1.288523
179,2520,43,18,302,0.403162,1011.0,1011.0,1.0,1.0,0.12615,8,0.860325,0.069856,0.590998,0.967423,82.177778,1.293236
180,2524,30,26,308,0.397849,1022.0,1022.0,1.0,1.0,0.1253,8,0.861299,0.068848,0.586721,0.97776,56.25,1.297802
181,2535,39,28,312,0.386431,1016.0,1016.0,1.0,1.0,0.1252,8,0.862426,0.067726,0.581918,0.969231,78.0,1.302224
182,2556,44,23,314,0.384314,1019.0,1019.0,1.0,1.0,0.1244,8,0.863309,0.066098,0.574882,0.965571,88.0,1.306506
183,2575,34,15,315,0.38716,1027.0,1027.0,1.0,1.0,0.12295,8,0.864019,0.065509,0.572315,0.973592,68.0,1.31065
184,2616,65,24,311,0.39787,1032.0,1032.0,1.0,1.0,0.12245,8,0.865519,0.064437,0.567613,0.957363,112.666667,1.314661
185,2632,38,22,323,0.384175,1048.0,1048.0,1.0,1.0,0.1203,8,0.866567,0.063881,0.565158,0.972604,72.2,1.31854
186,2646,37,23,323,0.390566,1059.0,1059.0,1.0,1.0,0.11955,8,0.867246,0.063166,0.561986,0.973504,70.205128,1.322293
187,2664,37,19,319,0.391802,1048.0,1048.0,1.0,1.0,0.11865,8,0.868075,0.062481,0.558934,0.972222,74.0,1.325922
188,2677,33,20,314,0.390883,1030.0,1030.0,1.0,1.0,0.1178,8,0.868932,0.061739,0.555602,0.978153,58.864865,1.32943
189,2696,34,15,314,0.389105,1027.0,1027.0,1.0,1.0,0.1169,8,0.869781,0.061198,0.553163,0.97757,60.842105,1.33282
190,2714,45,27,307,0.396264,1016.0,1016.0,1.0,1.0,0.11655,8,0.870703,0.060386,0.549479,0.973389,73.636364,1.336097
191,2714,32,32,306,0.397044,1014.0,1014.0,1.0,1.0,0.1159,8,0.871498,0.059372,0.544849,0.976419,64.0,1.339262
192,2707,22,29,304,0.403922,1019.0,1019.0,1.0,1.0,0.11575,8,0.872466,0.058725,0.541873,0.983746,44.0,1.34232
193,2712,34,29,310,0.392752,1020.0,1020.0,1.0,1.0,0.1161,8,0.873308,0.058071,0.538845,0.974926,68.0,1.345272
194,2723,39,28,309,0.397661,1025.0,1025.0,1.0,1.0,0.1158,8,0.874252,0.057544,0.536393,0.977758,62.081633,1.348124
195,2731,32,24,310,0.38856,1013.0,1013.0,1.0,1.0,0.11505,8,0.875129,0.056766,0.532758,0.980547,53.894737,1.350876
196,2747,36,20,314,0.387914,1025.0,1025.0,1.0,1.0,0.11445,8,0.875727,0.056046,0.529368,0.97379,72.0,1.353532
197,2766,44,25,305,0.412897,1038.0,1038.0,1.0,1.0,0.1139,8,0.87694,0.055367,0.52615,0.970946,80.666667,1.356096
198,2778,36,24,311,0.402498,1040.0,1040.0,1.0,1.0,0.1129,8,0.878044,0.054484,0.521937,0.974082,72.0,1.35857
199,2793,36,21,315,0.4,1049.0,1049.0,1.0,1.0,0.11215,8,0.87886,0.053963,0.519435,0.975614,68.210526,1.360956
200,2807,36,22,319,0.398113,1059.0,1059.0,1.0,1.0,0.11145,8,0.879723,0.053268,0.51608,0.975735,68.210526,1.363258
201,2828,45,24,316,0.401515,1055.0,1055.0,1.0,1.0,0.11085,8,0.880687,0.052546,0.512571,0.969558,86.170213,1.365478
202,2830,36,34,318,0.410565,1078.0,1078.0,1.0,1.0,0.1103,8,0.881674,0.051808,0.508957,0.975932,68.210526,1.367619
203,2845,43,28,311,0.42247,1076.0,1076.0,1.0,1.0,0.1099,8,0.882971,0.051179,0.50586,0.974872,72.509804,1.369683
204,2840,32,37,313,0.419833,1078.0,1078.0,1.0,1.0,0.1096,8,0.884037,0.050347,0.501733,0.980106,56.888889,1.371673
205,2839,30,31,310,0.418386,1065.0,1065.0,1.0,1.0,0.10955,8,0.884843,0.04984,0.499201,0.980228,56.25,1.373591
206,2856,40,23,308,0.423761,1068.0,1068.0,1.0,1.0,0.1092,8,0.885666,0.049391,0.496946,0.97465,72.727273,1.37544
207,2862,38,32,305,0.423985,1058.0,1058.0,1.0,1.0,0.1088,8,0.886942,0.048792,0.493923,0.977307,65.636364,1.377222
208,2855,30,37,309,0.42243,1069.0,1069.0,1.0,1.0,0.10875,8,0.888057,0.048309,0.491472,0.982767,50.0,1.378938
209,2864,31,22,310,0.423256,1074.0,1074.0,1.0,1.0,0.10835,8,0.88884,0.04776,0.488671,0.979704,58.242424,1.380592
210,2852,26,38,303,0.427221,1057.0,1057.0,1.0,1.0,0.1087,8,0.889398,0.047198,0.485786,0.983116,48.285714,1.382186
211,2851,33,34,296,0.437262,1051.0,1051.0,1.0,1.0,0.1091,8,0.890405,0.046537,0.482373,0.978211,62.228571,1.383721
212,2854,26,23,290,0.444444,1043.0,1043.0,1.0,1.0,0.1086,8,0.890992,0.04605,0.479844,0.983128,48.285714,1.385199
213,2870,44,28,290,0.439614,1034.0,1034.0,1.0,1.0,0.1087,8,0.891815,0.04564,0.477701,0.9707,84.173913,1.386623
214,2853,29,46,290,0.438529,1032.0,1032.0,1.0,1.0,0.1088,8,0.892897,0.044998,0.474332,0.979671,58.0,1.387994
215,2842,25,36,296,0.434575,1046.0,1046.0,1.0,1.0,0.10915,8,0.893718,0.04448,0.471592,0.982407,50.0,1.389314
216,2841,30,31,299,0.434248,1056.0,1056.0,1.0,1.0,0.10945,8,0.894608,0.04402,0.469149,0.982682,50.0,1.390586
217,2854,36,23,296,0.442036,1060.0,1060.0,1.0,1.0,0.1091,8,0.89542,0.04371,0.467492,0.976135,68.210526,1.391809
218,2861,40,33,298,0.43985,1063.0,1063.0,1.0,1.0,0.10895,8,0.896408,0.043341,0.465514,0.977071,66.666667,1.392988
219,2869,35,27,299,0.441121,1069.0,1069.0,1.0,1.0,0.1083,8,0.897272,0.042763,0.462401,0.975601,70.0,1.394122
220,2873,41,37,295,0.447566,1067.0,1067.0,1.0,1.0,0.1084,8,0.898277,0.0422,0.459345,0.976484,68.612245,1.395213
221,2875,34,32,297,0.445378,1070.0,1070.0,1.0,1.0,0.10795,8,0.899235,0.041754,0.456913,0.978967,60.842105,1.396264
222,2876,28,27,291,0.454034,1065.0,1065.0,1.0,1.0,0.1076,8,0.900005,0.041356,0.454732,0.980529,56.0,1.397275
223,2865,28,39,286,0.462911,1064.0,1064.0,1.0,1.0,0.10815,8,0.900878,0.041041,0.452997,0.9818,52.266667,1.398249
224,2858,29,36,285,0.458175,1051.0,1051.0,1.0,1.0,0.10855,8,0.901862,0.040518,0.450103,0.98347,48.057143,1.399185
225,2854,31,35,285,0.455587,1046.0,1046.0,1.0,1.0,0.10885,8,0.902446,0.040082,0.447671,0.978276,62.0,1.400086
226,2852,29,31,288,0.449857,1046.0,1046.0,1.0,1.0,0.10885,8,0.903116,0.039655,0.445281,0.979663,58.0,1.400953
227,2853,37,36,285,0.451396,1038.0,1038.0,1.0,1.0,0.1092,8,0.90421,0.03916,0.442492,0.975427,70.205128,1.401787
228,2859,37,31,279,0.453477,1020.0,1020.0,1.0,1.0,0.1089,8,0.905053,0.038764,0.440253,0.976764,66.780488,1.40259
229,2856,37,40,279,0.452941,1019.0,1019.0,1.0,1.0,0.10905,8,0.90598,0.03824,0.437263,0.977951,63.674419,1.403362
230,2855,35,36,265,0.459735,980.0,980.0,1.0,1.0,0.109,8,0.906933,0.037878,0.435187,0.978124,62.820513,1.404104
231,2853,40,42,271,0.450861,986.0,986.0,1.0,1.0,0.10935,8,0.908105,0.037474,0.432865,0.973326,76.190476,1.404819
232,2857,30,26,274,0.440245,978.0,978.0,1.0,1.0,0.10865,8,0.908864,0.03708,0.430583,0.978999,60.0,1.405506
233,2853,31,35,271,0.439504,966.0,966.0,1.0,1.0,0.1089,8,0.909596,0.036599,0.427778,0.978268,62.0,1.406167
234,2843,31,41,266,0.448133,963.0,963.0,1.0,1.0,0.1094,8,0.910426,0.036358,0.426371,0.980824,54.914286,1.406802
235,2842,32,33,268,0.445135,965.0,965.0,1.0,1.0,0.1095,8,0.91109,0.036031,0.424449,0.977481,64.0,1.407414
236,2841,29,30,266,0.44641,960.0,960.0,1.0,1.0,0.1094,8,0.911898,0.035715,0.422584,0.979585,58.0,1.408002
237,2832,36,45,270,0.439834,963.0,963.0,1.0,1.0,0.1102,8,0.912906,0.035499,0.421304,0.975949,68.210526,1.408567
238,2839,40,33,272,0.446592,982.0,982.0,1.0,1.0,0.11005,8,0.914095,0.035075,0.418777,0.975731,69.565217,1.409111
239,2834,37,42,270,0.450661,982.0,982.0,1.0,1.0,0.11015,8,0.915306,0.034737,0.416757,0.973888,74.0,1.409634
240,2829,27,32,270,0.444444,971.0,971.0,1.0,1.0,0.1099,8,0.916254,0.034366,0.414525,0.982274,50.275862,1.410137
241,2816,30,43,264,0.454545,967.0,967.0,1.0,1.0,0.1107,8,0.916811,0.034139,0.413151,0.982528,50.0,1.41062
242,2797,32,51,259,0.460978,960.0,960.0,1.0,1.0,0.11175,8,0.918007,0.033653,0.410203,0.978504,60.235294,1.411085
243,2791,29,35,258,0.455696,947.0,947.0,1.0,1.0,0.1119,8,0.918828,0.033468,0.40907,0.981888,50.969697,1.411532
244,2777,27,41,251,0.466525,940.0,940.0,1.0,1.0,0.1125,8,0.919806,0.033417,0.408758,0.983222,47.032258,1.411962
245,2770,30,37,254,0.460722,941.0,941.0,1.0,1.0,0.113,8,0.92072,0.033236,0.407653,0.981035,52.941176,1.412375
246,2776,26,20,249,0.471898,942.0,942.0,1.0,1.0,0.1125,8,0.92132,0.032946,0.405868,0.982654,48.285714,1.412772
247,2764,27,39,250,0.465241,934.0,934.0,1.0,1.0,0.11315,8,0.9223,0.032562,0.403498,0.980463,54.0,1.413154
248,2755,26,35,251,0.462527,933.0,933.0,1.0,1.0,0.11355,8,0.923387,0.03232,0.401998,0.982521,48.285714,1.413521
249,2731,25,49,254,0.45435,930.0,930.0,1.0,1.0,0.1147,8,0.924496,0.031925,0.399533,0.981692,50.0,1.413874
250,2711,27,47,254,0.453175,928.0,928.0,1.0,1.0,0.1158,8,0.925459,0.031694,0.39808,0.981502,50.275862,1.414214
