year,calendar_year,population_size,birth_count,births_per_population,births_per_eligible,births_per_matched_pair,death_count,matched_pair_count,new_pair_count,active_pair_count,unmatched_rate,mean_visible_candidate_count,median_visible_candidate_count,mean_perceived_candidate_count,median_perceived_candidate_count,mean_actionable_candidate_count,action_coverage_rate,visibility_action_gap,mean_selected_actionable_share,mean_selection_quota,mean_selection_acceptance_share,mean_phantom_candidate_count,mean_sampled_phantom_candidate_count,mean_selected_phantom_count,mean_phantom_selection_share,candidate_pool_multiplier,visibility_coverage_rate,theoretical_area_coverage,effective_birth_probability,selection_worker_count,action_radius,blocked_mutual_pair_count,trait_mean,trait_variance,trait_diversity,reproductive_concentration,effective_parent_count,visibility_radius,case,No reserve regions population,No reserve regions share,Weak reserve regions population,Weak reserve regions share,Balanced reserve regions population,Balanced reserve regions share,Strong reserve regions population,Strong reserve regions share
1,1980,2545,45,0.017682,0.042776,0.090726,0,496,6,525,0.057034,0.318182,0.0,0.318182,0.0,0.318182,0.0074,0.0,0.295455,0.318182,0.295455,0.0,0.0,0.0,0.0,1.0,0.0074,0.001257,0.086667,1,0.12,0,0.000791,0.981359,2.215129,0.96764,82.653061,0.02,allow,630,0.2475442043222004,648,0.2546168958742633,630,0.2475442043222004,637,0.2502946954813359
2,1981,2554,40,0.015662,0.037915,0.087146,31,459,45,518,0.129858,1.029586,1.0,1.029586,1.0,1.029586,0.006128,0.0,0.585799,1.029586,0.585799,0.0,0.0,0.0,0.0,1.0,0.006128,0.001257,0.08648,1,0.12,0,0.001761,0.976472,2.209606,0.970204,76.190476,0.02,allow,630,0.24667188723570868,649,0.2541111981205951,634,0.24823805794831635,641,0.2509788566953798
3,1982,2564,36,0.014041,0.03445,0.083333,26,432,39,527,0.173206,0.769231,1.0,0.769231,1.0,0.769231,0.004579,0.0,0.502959,0.769231,0.502959,0.0,0.0,0.0,0.0,1.0,0.004579,0.001257,0.086293,1,0.12,0,0.002736,0.967906,2.199893,0.973436,68.210526,0.02,allow,633,0.24687987519500781,650,0.2535101404056162,636,0.24804992199687986,645,0.2515600624024961
4,1983,2571,40,0.015558,0.038168,0.096386,33,415,38,533,0.208015,0.863388,1.0,0.863388,1.0,0.863388,0.004744,0.0,0.513661,0.863388,0.513661,0.0,0.0,0.0,0.0,1.0,0.004744,0.001257,0.086253,1,0.12,0,0.00433,0.963938,2.195379,0.97184,72.727273,0.02,allow,637,0.24776351614157915,644,0.25048619214313494,637,0.24776351614157915,653,0.25398677557370675
5,1984,2583,29,0.011227,0.027593,0.070218,17,413,58,547,0.214082,1.302326,1.0,1.302326,1.0,1.302326,0.006086,0.0,0.618605,1.302326,0.618605,0.0,0.0,0.0,0.0,1.0,0.006086,0.001257,0.085947,1,0.12,0,0.005706,0.958643,2.189341,0.979041,54.258065,0.02,allow,639,0.24738675958188153,650,0.2516453735965931,640,0.24777390631049168,654,0.25319396051103366
6,1985,2591,39,0.015052,0.037356,0.0975,31,400,49,554,0.233716,0.964467,1.0,0.964467,1.0,0.964467,0.004921,0.0,0.568528,0.964467,0.568528,0.0,0.0,0.0,0.0,1.0,0.004921,0.001257,0.085973,1,0.12,0,0.006315,0.952149,2.181913,0.972825,70.744186,0.02,allow,636,0.2454650714010035,655,0.2527981474334234,643,0.248166730991895,657,0.2535700501736781
7,1986,2600,30,0.011538,0.028763,0.076923,21,390,30,558,0.252157,0.662722,0.0,0.662722,0.0,0.662722,0.003945,0.0,0.402367,0.662722,0.402367,0.0,0.0,0.0,0.0,1.0,0.003945,0.001257,0.085733,1,0.12,0,0.006422,0.945063,2.173779,0.979795,52.941176,0.02,allow,640,0.24615384615384617,654,0.25153846153846154,641,0.24653846153846154,665,0.25576923076923075
8,1987,2608,24,0.009202,0.022835,0.061069,16,393,47,569,0.252141,0.95098,1.0,0.95098,1.0,0.95098,0.004685,0.0,0.529412,0.95098,0.529412,0.0,0.0,0.0,0.0,1.0,0.004685,0.001257,0.085547,1,0.12,0,0.006237,0.938948,2.166735,0.981595,48.0,0.02,allow,644,0.2469325153374233,657,0.25191717791411045,641,0.24578220858895705,666,0.2553680981595092
9,1988,2614,33,0.012624,0.031946,0.087071,27,379,28,569,0.266215,0.670588,0.0,0.670588,0.0,0.670588,0.003968,0.0,0.4,0.670588,0.4,0.0,0.0,0.0,0.0,1.0,0.003968,0.001257,0.085587,1,0.12,0,0.007168,0.934708,2.161837,0.977626,58.864865,0.02,allow,640,0.24483550114766642,653,0.2498087222647284,646,0.24713083397092578,675,0.25822494261667944
10,1989,2624,33,0.012576,0.03229,0.090411,23,365,29,576,0.285714,0.576471,0.0,0.576471,0.0,0.576471,0.003411,0.0,0.4,0.576471,0.4,0.0,0.0,0.0,0.0,1.0,0.003411,0.001257,0.085453,1,0.12,0,0.006025,0.928406,2.154538,0.974848,66.0,0.02,allow,641,0.24428353658536586,657,0.2503810975609756,644,0.24542682926829268,682,0.25990853658536583
11,1990,2637,35,0.013273,0.034213,0.096953,22,361,32,583,0.294233,0.651685,0.0,0.651685,0.0,0.651685,0.003682,0.0,0.410112,0.651685,0.410112,0.0,0.0,0.0,0.0,1.0,0.003682,0.001257,0.085307,1,0.12,0,0.005804,0.921932,2.147011,0.974928,66.216216,0.02,allow,644,0.24421691315889268,662,0.2510428517254456,644,0.24421691315889268,687,0.2605233219567691
12,1991,2647,31,0.011711,0.030632,0.089337,21,347,34,591,0.314229,0.711111,0.0,0.711111,0.0,0.711111,0.003973,0.0,0.444444,0.711111,0.444444,0.0,0.0,0.0,0.0,1.0,0.003973,0.001257,0.08512,1,0.12,0,0.00687,0.916707,2.140919,0.980672,51.945946,0.02,allow,649,0.24518322629391764,667,0.25198337740838683,640,0.24178315073668305,691,0.2610502455610125
13,1992,2654,27,0.010173,0.026445,0.077364,20,349,30,594,0.316357,0.716578,0.0,0.716578,0.0,0.716578,0.003853,0.0,0.427807,0.716578,0.427807,0.0,0.0,0.0,0.0,1.0,0.003853,0.001257,0.084973,1,0.12,0,0.007152,0.913537,2.137215,0.984789,41.657143,0.02,allow,650,0.2449133383571967,674,0.25395629238884704,641,0.24152223059532782,689,0.2596081386586285
14,1993,2676,36,0.013453,0.035088,0.103746,14,347,38,595,0.323587,0.885714,0.0,0.885715,0.0,0.885714,0.004238,0.0,0.442857,0.885714,0.442857,0.0,0.0,0.0,0.0,1.000001,0.004238,0.001257,0.0848,1,0.12,0,0.007311,0.906988,2.12954,0.975918,64.8,0.02,allow,654,0.24439461883408073,683,0.2552316890881913,643,0.24028400597907323,696,0.2600896860986547
15,1994,2687,30,0.011165,0.029557,0.08982,19,334,22,590,0.341872,0.548387,0.0,0.548388,0.0,0.548387,0.002964,0.0,0.306452,0.548387,0.306451,0.0,0.0,0.0,0.0,1.000002,0.002964,0.001257,0.084573,1,0.12,0,0.008194,0.89992,2.121226,0.97767,60.0,0.02,allow,659,0.2452549311499814,684,0.2545589877186453,650,0.24190547078526237,694,0.2582806103461109
16,1995,2694,30,0.011136,0.029354,0.087464,23,343,31,593,0.328767,0.575758,0.0,0.575761,0.0,0.575758,0.002923,0.0,0.348485,0.575758,0.348483,0.0,0.0,0.0,0.0,1.000006,0.002923,0.001257,0.08448,1,0.12,0,0.007665,0.895562,2.116084,0.981737,50.0,0.020002,allow,661,0.24536005939123978,686,0.2546399406087602,651,0.24164810690423164,696,0.2583518930957684
17,1996,2703,30,0.011099,0.02924,0.087719,21,342,32,599,0.333333,0.492754,0.0,0.492763,0.0,0.492754,0.002392,0.0,0.362319,0.492754,0.362312,0.0,0.0,0.0,0.0,1.00002,0.002392,0.001257,0.08436,1,0.12,0,0.007487,0.889542,2.108959,0.980565,52.941176,0.020005,allow,663,0.24528301886792453,694,0.25675175730669625,649,0.2401035886052534,697,0.2578616352201258
18,1997,2712,27,0.009956,0.026419,0.079412,18,340,30,607,0.334638,0.420513,0.0,0.420539,0.0,0.420513,0.002168,0.0,0.34359,0.420513,0.343568,0.0,0.0,0.0,0.0,1.000062,0.002168,0.001259,0.0842,1,0.12,0,0.007849,0.885711,2.104414,0.98282,47.032258,0.020015,allow,667,0.2459439528023599,693,0.2555309734513274,652,0.24041297935103245,700,0.2581120943952802
19,1998,2724,37,0.013583,0.035992,0.106322,25,348,40,618,0.322957,0.805687,0.0,0.805844,0.0,0.805687,0.003837,0.0,0.473934,0.805687,0.473841,0.0,0.0,0.0,0.0,1.000195,0.003837,0.001263,0.084173,1,0.12,0,0.008344,0.881106,2.098935,0.978073,60.844444,0.020048,allow,667,0.2448604992657856,697,0.25587371512481644,650,0.23861967694566813,710,0.26064610866372984
20,1999,2730,30,0.010989,0.02907,0.08547,24,351,34,620,0.319767,0.625641,0.0,0.626023,0.0,0.625641,0.003225,0.0,0.379487,0.625641,0.379256,0.0,0.0,0.0,0.0,1.00061,0.003225,0.001275,0.084,1,0.12,0,0.009194,0.877483,2.094616,0.979438,56.25,0.020149,allow,672,0.24615384615384617,694,0.2542124542124542,651,0.23846153846153847,713,0.2611721611721612
21,2000,2737,33,0.012057,0.032353,0.098214,26,336,24,623,0.341176,0.483516,0.0,0.484442,0.0,0.483516,0.002671,0.0,0.313187,0.483516,0.312588,0.0,0.0,0.0,0.0,1.001915,0.002671,0.001316,0.083947,1,0.12,0,0.009134,0.871463,2.087418,0.979872,55.846154,0.020468,allow,674,0.2462550237486299,698,0.25502374862988675,650,0.23748629886737305,715,0.26123492875411036
22,2001,2745,32,0.011658,0.03125,0.094955,24,337,33,631,0.341797,0.614583,0.0,0.618278,0.0,0.614583,0.003218,0.0,0.411458,0.614583,0.409,0.0,0.0,0.0,0.0,1.006012,0.003218,0.001447,0.083827,1,0.12,0,0.008486,0.861623,2.0756,0.978097,60.235294,0.021465,allow,678,0.24699453551912567,698,0.25428051001821494,649,0.23642987249544625,720,0.26229508196721313
23,2002,2737,26,0.009499,0.02544,0.074286,34,350,50,636,0.315068,1.116505,1.0,1.137639,1.018929,1.116505,0.005446,0.0,0.587379,1.116505,0.576467,0.0,0.0,0.0,0.0,1.018929,0.005446,0.001899,0.083853,1,0.12,0,0.009346,0.856365,2.069257,0.982406,48.285714,0.024584,allow,677,0.24735111435878698,698,0.25502374862988675,647,0.23639020825721593,715,0.26123492875411036
24,2003,2740,33,0.012044,0.031946,0.088235,30,374,53,660,0.275895,1.977143,2.0,2.096028,2.120259,1.977143,0.011363,0.0,0.748571,1.977143,0.706113,0.0,0.0,0.0,0.0,1.06013,0.011363,0.00369,0.083907,1,0.12,0,0.008408,0.851434,2.063291,0.978655,58.864865,0.034273,allow,675,0.24635036496350365,698,0.25474452554744526,652,0.23795620437956205,715,0.26094890510948904
25,2004,2758,41,0.014866,0.040117,0.105398,23,389,58,681,0.238748,5.347518,5.0,6.396898,5.981185,5.347518,0.038197,0.0,0.813448,6.397163,0.934218,1.049645,1.049645,1.049645,0.136907,1.196237,0.038197,0.012787,0.083773,1,0.12,0,0.006691,0.841286,2.050958,0.975504,68.612245,0.063798,allow,676,0.24510514865844815,703,0.2548948513415519,661,0.23966642494561277,718,0.26033357505438726
26,2005,2761,31,0.011228,0.030542,0.078283,28,396,29,688,0.219704,9.114286,8.0,15.430969,13.544424,7.514286,0.108903,0.023188,0.503997,12.585714,0.882067,6.328571,6.328571,4.928571,0.3925,1.693053,0.132091,0.06947,0.0836,1,0.12,37,0.007002,0.836246,2.044805,0.980255,54.914286,0.148704,allow,674,0.24411445128576603,702,0.25425570445490764,668,0.24194132560666426,717,0.25968851865266207
27,2006,2752,26,0.009448,0.025845,0.068602,35,379,30,677,0.246521,32.808989,34.0,130.30206,135.032204,8.764045,0.099591,0.273238,0.355337,16.0,0.168914,97.539326,97.539326,8.573034,0.535815,3.971535,0.372829,0.400652,0.083653,1,0.12,9,0.007661,0.832623,2.040371,0.983788,45.066667,0.357116,allow,674,0.2449127906976744,701,0.2547238372093023,663,0.24091569767441862,714,0.25944767441860467
28,2007,2755,26,0.009437,0.025896,0.071429,23,364,17,666,0.2749,65.458824,70.0,1133.780082,1212.435565,11.411765,0.135854,0.643417,0.208088,16.0,0.015197,1068.294118,510.764706,12.423529,0.776471,17.320508,0.779272,1.0,0.083613,1,0.12,0,0.008887,0.828679,2.035533,0.982521,48.285714,0.717107,allow,671,0.24355716878402903,703,0.25517241379310346,662,0.24029038112522685,719,0.26098003629764066
29,2008,2745,23,0.008379,0.023023,0.064607,33,356,20,660,0.287287,101.0,101.0,7629.29118,7629.29118,14.137255,0.139973,0.860027,0.242647,16.0,0.002097,7528.0,512.0,11.019608,0.688725,75.537536,1.0,1.0,0.083707,1,0.12,0,0.007787,0.825048,2.031069,0.983242,46.0,1.077098,allow,669,0.24371584699453552,702,0.25573770491803277,661,0.24080145719489982,713,0.2597449908925319
30,2009,2751,30,0.010905,0.030242,0.086455,24,347,21,645,0.300403,120.0,120.0,21263.362109,21263.362109,17.669421,0.147245,0.852755,0.229855,16.0,0.000752,21143.0,512.0,11.504132,0.719008,177.194684,1.0,1.0,0.08372,1,0.12,1,0.007701,0.818812,2.023378,0.979595,56.25,1.285509,allow,667,0.242457288258815,704,0.2559069429298437,664,0.24136677571792076,716,0.26026899309342055
31,2010,2740,29,0.010584,0.029622,0.088146,40,329,18,625,0.327886,141.0,141.0,35360.887877,35360.887877,22.323944,0.158326,0.841674,0.209507,16.0,0.000452,35220.0,512.0,11.957746,0.747359,250.786439,1.0,1.0,0.083853,1,0.12,1,0.007531,0.813817,2.017198,0.983866,45.459459,1.370415,allow,657,0.23978102189781023,703,0.25656934306569346,665,0.2427007299270073,715,0.26094890510948904
32,2011,2736,25,0.009137,0.025641,0.07764,29,322,18,616,0.339487,160.0,160.0,45277.478785,45277.478785,24.832298,0.155202,0.844798,0.227484,16.0,0.000353,45117.0,512.0,11.546584,0.721661,282.984242,1.0,1.0,0.083853,1,0.12,0,0.006455,0.808177,2.010195,0.981725,50.0,1.399941,allow,653,0.23866959064327486,709,0.2591374269005848,665,0.24305555555555555,709,0.2591374269005848
33,2012,2733,26,0.009513,0.026971,0.084416,29,308,20,605,0.360996,180.0,180.0,52996.821559,52996.821559,31.348066,0.174156,0.825844,0.225138,16.0,0.000302,52817.0,512.0,11.441989,0.715124,294.426786,1.0,1.0,0.083907,1,0.12,0,0.007346,0.802231,2.002787,0.983675,45.066667,1.40963,allow,651,0.23819978046103182,711,0.2601536772777168,662,0.24222466154409075,709,0.2594218807171606
34,2013,2732,23,0.008419,0.023958,0.076412,24,301,19,595,0.372917,199.0,199.0,59343.252828,59343.252828,36.57,0.183769,0.816231,0.213125,16.0,0.00027,59144.0,512.0,11.755,0.734688,298.207301,1.0,1.0,0.08388,1,0.12,0,0.007665,0.79814,1.997673,0.983163,46.0,1.412749,allow,647,0.23682284040995608,715,0.2617130307467057,659,0.24121522693997072,711,0.26024890190336747
35,2014,2715,25,0.009208,0.026151,0.084746,42,295,19,581,0.382845,209.0,209.0,62580.184311,62580.184311,41.0,0.196172,0.803828,0.236607,16.0,0.000256,62371.0,512.0,11.066667,0.691667,299.426719,1.0,1.0,0.084133,1,0.12,0,0.008125,0.790443,1.988018,0.982998,46.296296,1.413746,allow,645,0.23756906077348067,709,0.26114180478821364,659,0.2427255985267035,702,0.2585635359116022
36,2015,2701,29,0.010737,0.03072,0.102837,43,282,20,567,0.402542,225.0,225.0,67458.828624,67458.828624,42.097345,0.187099,0.812901,0.243086,16.0,0.000237,67234.0,512.0,11.207965,0.700498,299.817016,1.0,1.0,0.084373,1,0.12,0,0.007829,0.781145,1.97629,0.979956,54.258065,1.414064,allow,641,0.23731951129211404,709,0.2624953720844132,655,0.24250277674935208,696,0.2576823398741207
37,2016,2698,24,0.008895,0.025078,0.085409,27,281,24,548,0.412748,260.0,260.0,77984.823503,77984.823503,45.885057,0.176481,0.823519,0.267002,16.0,0.000205,77725.0,512.0,10.241379,0.640086,299.941629,1.0,1.0,0.084347,1,0.12,0,0.005766,0.775828,1.969553,0.982209,48.0,1.414166,allow,632,0.23424759080800592,712,0.26389918458117123,655,0.24277242401779095,699,0.2590808005930319
38,2017,2683,19,0.007082,0.019854,0.068345,34,278,22,525,0.419018,279.0,279.0,83694.805967,83694.805967,51.507143,0.184613,0.815387,0.240179,16.0,0.000191,83416.0,512.0,11.378571,0.711161,299.981383,1.0,1.0,0.08448,1,0.12,1,0.004714,0.770611,1.96292,0.988505,31.391304,1.414198,allow,626,0.23332090942974282,711,0.26500186358553857,653,0.2433842713380544,693,0.25829295564666416
39,2018,2669,24,0.008992,0.025184,0.092664,38,259,18,505,0.456453,296.0,296.0,88798.24261,88798.24261,56.094276,0.189508,0.810492,0.242424,16.0,0.00018,88502.0,512.0,11.430976,0.714436,299.994063,1.0,1.0,0.084733,1,0.12,0,0.005044,0.762891,1.953063,0.983452,44.307692,1.414209,allow,621,0.2326714125140502,707,0.26489321843387037,656,0.2457849381790933,685,0.2566504308729861
40,2019,2648,29,0.010952,0.030366,0.114625,50,253,20,488,0.470157,325.0,325.0,97499.384643,97499.384643,60.601227,0.186465,0.813535,0.23888,16.0,0.000164,97174.0,512.0,11.331288,0.708206,299.998107,1.0,1.0,0.08508,1,0.12,0,0.009547,0.756887,1.945363,0.980909,50.969697,1.414212,allow,614,0.23187311178247735,699,0.2639728096676737,649,0.2450906344410876,686,0.2590634441087613
41,2020,2623,18,0.006862,0.01921,0.077253,43,233,14,473,0.502668,323.0,323.0,96899.804966,96899.804966,64.104938,0.198467,0.801533,0.235918,16.0,0.000165,96577.0,512.0,11.549383,0.721836,299.999396,1.0,1.0,0.085267,1,0.12,0,0.011939,0.749831,1.936273,0.990088,27.0,1.414213,allow,603,0.229889439573008,696,0.26534502478078537,643,0.24513915364086925,681,0.2596263820053374
42,2021,2610,21,0.008046,0.022508,0.092511,34,227,20,464,0.513398,348.0,348.0,104399.932988,104399.932988,66.34957,0.19066,0.80934,0.242479,16.0,0.000153,104052.0,512.0,11.25788,0.703617,299.999807,1.0,1.0,0.08548,1,0.12,0,0.011089,0.742274,1.926491,0.985368,38.347826,1.414213,allow,592,0.2268199233716475,699,0.267816091954023,638,0.24444444444444444,681,0.26091954022988506
43,2022,2604,25,0.009601,0.026427,0.110619,31,226,20,450,0.522199,369.0,369.0,110699.97734,110699.97734,68.286486,0.185058,0.814942,0.252365,16.0,0.000145,110331.0,512.0,10.681081,0.667568,299.999939,1.0,1.0,0.085613,1,0.12,0,0.011274,0.735722,1.917971,0.982273,46.296296,1.414214,allow,589,0.2261904761904762,698,0.26804915514592936,640,0.2457757296466974,677,0.25998463901689706
44,2023,2582,26,0.01007,0.027719,0.118182,48,220,22,448,0.530917,372.0,372.0,111599.992715,111599.992715,73.689008,0.198089,0.801911,0.245308,16.0,0.000143,111228.0,512.0,11.418231,0.713639,299.99998,1.0,1.0,0.08592,1,0.12,0,0.009257,0.728727,1.90883,0.983972,42.25,1.414214,allow,579,0.22424477149496513,692,0.26800929512006194,627,0.2428350116189001,684,0.26491092176607284
45,2024,2571,23,0.008946,0.025,0.106481,34,216,23,441,0.530435,375.0,375.0,112499.997658,112499.997658,76.632979,0.204355,0.795645,0.261469,16.0,0.000142,112125.0,512.0,10.736702,0.671044,299.999994,1.0,1.0,0.086027,1,0.12,1,0.010478,0.719494,1.896699,0.982108,46.0,1.414214,allow,567,0.220536756126021,693,0.26954492415402564,624,0.2427071178529755,687,0.26721120186697783
46,2025,2549,17,0.006669,0.018681,0.078341,39,217,20,424,0.523077,369.0,369.0,110699.999265,110699.999265,74.805405,0.202725,0.797275,0.266892,16.0,0.000145,110331.0,512.0,11.010811,0.688176,299.999998,1.0,1.0,0.08624,1,0.12,0,0.012351,0.709854,1.88395,0.988138,30.421053,1.414214,allow,555,0.21773244409572381,691,0.2710867006669282,621,0.24362495096116124,682,0.26755590427618675
47,2026,2530,19,0.00751,0.021396,0.091346,38,208,17,418,0.531532,361.0,361.0,108299.999771,108299.999771,73.690608,0.204129,0.795871,0.253453,16.0,0.000148,107939.0,512.0,11.281768,0.70511,299.999999,1.0,1.0,0.08652,1,0.12,0,0.014994,0.70357,1.875594,0.98498,38.0,1.414214,allow,543,0.21462450592885376,684,0.27035573122529644,618,0.24426877470355732,685,0.2707509881422925
48,2027,2517,17,0.006754,0.019362,0.085427,30,199,18,409,0.546697,369.0,369.0,110699.999925,110699.999925,74.967568,0.203164,0.796836,0.265034,16.0,0.000145,110331.0,512.0,11.086486,0.692905,300.0,1.0,1.0,0.086667,1,0.12,0,0.015817,0.698135,1.868335,0.989296,27.52381,1.414214,allow,532,0.21136273341279302,682,0.2709574890742948,623,0.24751688518077075,680,0.2701628923321414
49,2028,2490,15,0.006024,0.017222,0.079365,42,189,18,402,0.566016,382.0,382.0,114599.999975,114599.999975,76.579634,0.20047,0.79953,0.267298,16.0,0.00014,114218.0,512.0,11.02611,0.689132,300.0,1.0,1.0,0.087,1,0.12,0,0.01764,0.687341,1.853835,0.987952,30.0,1.414214,allow,524,0.21044176706827308,679,0.27269076305220885,615,0.2469879518072289,672,0.26987951807228916
50,2029,2480,21,0.008468,0.024533,0.114754,31,183,16,389,0.57243,379.0,379.0,113699.999992,113699.999992,78.815789,0.207957,0.792043,0.273849,16.0,0.000141,113321.0,512.0,10.981579,0.686349,300.0,1.0,1.0,0.087213,1,0.12,0,0.017057,0.680512,1.844603,0.984601,38.347826,1.414214,allow,515,0.20766129032258066,677,0.27298387096774196,614,0.24758064516129033,674,0.2717741935483871
51,2030,2454,17,0.006927,0.01993,0.096591,43,176,15,382,0.587339,389.0,389.0,116699.999997,116699.999997,82.420513,0.211878,0.788122,0.283654,16.0,0.000137,116311.0,512.0,10.861538,0.678846,300.0,1.0,1.0,0.087507,1,0.12,0,0.01705,0.673823,1.835515,0.986145,34.0,1.414214,allow,503,0.2049714751426243,670,0.27302363488182557,614,0.2502037489812551,667,0.27180114099429503
52,2031,2444,13,0.005319,0.015532,0.073034,23,178,19,380,0.574671,387.0,387.0,116099.999999,116099.999999,76.865979,0.19862,0.80138,0.277062,16.0,0.000138,115713.0,512.0,10.92268,0.682668,300.0,1.0,1.0,0.087587,1,0.12,0,0.01691,0.667092,1.826324,0.989362,26.0,1.414214,allow,501,0.20499181669394434,664,0.27168576104746317,613,0.25081833060556463,666,0.2725040916530278
53,2032,2413,9,0.00373,0.010817,0.048649,40,185,24,371,0.555288,388.0,388.0,116400.0,116400.0,72.411311,0.186627,0.813373,0.29081,16.0,0.000137,116012.0,512.0,10.673522,0.667095,300.0,1.0,1.0,0.087947,1,0.12,0,0.017132,0.660053,1.816663,0.99254,18.0,1.414214,allow,490,0.20306672192291753,653,0.27061748860339824,610,0.25279734769995854,660,0.27351844177372564
54,2033,2389,14,0.00586,0.016726,0.072917,38,192,23,362,0.541219,386.0,386.0,115800.0,115800.0,70.428941,0.182458,0.817542,0.271964,16.0,0.000138,115414.0,512.0,10.979328,0.686208,300.0,1.0,1.0,0.088333,1,0.12,0,0.017756,0.653796,1.808032,0.98828,28.0,1.414214,allow,479,0.20050230221850146,652,0.2729175387191293,610,0.25533696107157805,648,0.2712431979907911
55,2034,2373,11,0.004635,0.013285,0.058824,27,187,19,364,0.548309,373.0,373.0,111900.0,111900.0,69.197861,0.185517,0.814483,0.276738,16.0,0.000143,111527.0,512.0,11.200535,0.700033,300.0,1.0,1.0,0.088507,1,0.12,1,0.019107,0.64726,1.798972,0.992261,18.615385,1.414214,allow,469,0.1976401179941003,651,0.2743362831858407,609,0.25663716814159293,644,0.2713864306784661
56,2035,2357,20,0.008485,0.02457,0.104712,36,191,16,361,0.530713,355.0,355.0,106500.0,106500.0,65.775281,0.185282,0.814718,0.264923,16.0,0.00015,106145.0,512.0,11.410112,0.713132,300.0,1.0,1.0,0.08884,1,0.12,0,0.020019,0.636359,1.783758,0.986084,33.333333,1.414214,allow,463,0.19643614764531184,650,0.27577428935086973,602,0.25540941875265166,642,0.27238014425116674
57,2036,2343,19,0.008109,0.023661,0.1,33,190,17,360,0.526775,347.0,347.0,104100.0,104100.0,61.925287,0.178459,0.821541,0.2588,16.0,0.000154,103753.0,512.0,11.658046,0.728628,300.0,1.0,1.0,0.089013,1,0.12,0,0.022334,0.628575,1.772816,0.985399,34.380952,1.414214,allow,453,0.19334186939820744,649,0.27699530516431925,601,0.25650874946649593,640,0.2731540759709774
58,2037,2326,25,0.010748,0.031211,0.124378,42,201,23,362,0.498127,339.0,339.0,101700.0,101700.0,59.217647,0.174683,0.825317,0.282537,16.0,0.000157,101361.0,512.0,11.126471,0.695404,300.0,1.0,1.0,0.08932,1,0.12,0,0.021876,0.617323,1.756876,0.981668,43.103448,1.414214,allow,450,0.1934651762682717,647,0.27815993121238175,600,0.2579535683576956,629,0.2704213241616509
59,2038,2296,16,0.006969,0.020202,0.081218,46,197,17,358,0.502525,323.0,323.0,96900.0,96900.0,60.191358,0.186351,0.813649,0.276813,16.0,0.000165,96577.0,512.0,11.231481,0.701968,300.0,1.0,1.0,0.0896,1,0.12,0,0.020502,0.608607,1.744429,0.989111,25.6,1.414214,allow,439,0.1912020905923345,644,0.2804878048780488,594,0.2587108013937282,619,0.2695993031358885
60,2039,2280,19,0.008333,0.024453,0.100529,35,189,17,354,0.513514,312.0,312.0,93600.0,93600.0,55.43131,0.177664,0.822336,0.276757,16.0,0.000171,93288.0,512.0,11.223642,0.701478,300.0,1.0,1.0,0.089853,1,0.12,0,0.017951,0.598966,1.730558,0.983333,38.0,1.414214,allow,430,0.18859649122807018,638,0.27982456140350875,601,0.26359649122807016,611,0.2679824561403509
61,2040,2249,11,0.004891,0.014249,0.057592,42,191,20,350,0.505181,311.0,311.0,93300.0,93300.0,53.365385,0.171593,0.828407,0.28125,16.0,0.000171,92989.0,512.0,11.144231,0.696514,300.0,1.0,1.0,0.09016,1,0.12,0,0.019161,0.588488,1.715354,0.990218,22.0,1.414214,allow,425,0.1889728768341485,628,0.27923521565140064,594,0.26411738550466873,602,0.26767452200978215
62,2041,2220,12,0.005405,0.015625,0.060914,41,197,19,349,0.486979,301.0,301.0,90300.0,90300.0,53.152318,0.176586,0.823414,0.27918,16.0,0.000177,89999.0,512.0,11.337748,0.708609,300.0,1.0,1.0,0.09056,1,0.12,0,0.018989,0.584589,1.709662,0.989189,24.0,1.414214,allow,417,0.18783783783783783,622,0.2801801801801802,587,0.26441441441441443,594,0.26756756756756755
63,2042,2201,20,0.009087,0.026281,0.100503,39,199,18,358,0.477004,280.0,280.0,84000.0,84000.0,50.469751,0.180249,0.819751,0.270685,16.0,0.00019,83720.0,512.0,11.466192,0.716637,300.0,1.0,1.0,0.09092,1,0.12,0,0.020583,0.570388,1.688768,0.981826,40.0,1.414214,allow,406,0.18446160835983644,622,0.2825988187187642,584,0.26533393911858244,589,0.2676056338028169
64,2043,2167,16,0.007383,0.021305,0.079208,50,202,23,360,0.462051,279.0,279.0,83700.0,83700.0,48.85,0.17509,0.82491,0.299777,16.0,0.000191,83421.0,512.0,10.95,0.684375,300.0,1.0,1.0,0.09132,1,0.12,0,0.023765,0.559643,1.672786,0.985233,32.0,1.414214,allow,395,0.18227964928472543,615,0.28380249192431933,579,0.2671896631287494,578,0.2667281956622058
65,2044,2151,16,0.007438,0.021828,0.080402,32,199,14,365,0.457026,247.0,247.0,74100.0,74100.0,46.677419,0.188977,0.811023,0.275202,16.0,0.000216,73853.0,512.0,11.423387,0.713962,300.0,1.0,1.0,0.091533,1,0.12,0,0.023559,0.551755,1.660956,0.988377,25.6,1.414214,allow,389,0.18084611808461182,611,0.28405392840539284,574,0.26685262668526266,577,0.2682473268247327
66,2045,2128,16,0.007519,0.022222,0.08,39,200,15,366,0.444444,235.0,235.0,70500.0,70500.0,43.508475,0.185142,0.814858,0.270127,16.0,0.000227,70265.0,512.0,11.466102,0.716631,300.0,1.0,1.0,0.09184,1,0.12,0,0.023268,0.539695,1.642704,0.984962,32.0,1.414214,allow,376,0.17669172932330826,605,0.2843045112781955,577,0.27114661654135336,570,0.26785714285714285
67,2046,2118,16,0.007554,0.022792,0.080808,26,198,17,361,0.435897,227.0,227.0,68100.0,68100.0,39.789474,0.175284,0.824716,0.267544,16.0,0.000235,67873.0,512.0,11.491228,0.718202,300.0,1.0,1.0,0.091973,1,0.12,0,0.024932,0.53325,1.632865,0.984891,32.0,1.414214,allow,369,0.17422096317280453,606,0.28611898016997167,573,0.2705382436260623,570,0.26912181303116145
68,2047,2098,20,0.009533,0.028944,0.09901,40,202,19,366,0.41534,213.0,213.0,63900.0,63900.0,35.953271,0.168795,0.831205,0.29264,16.0,0.00025,63687.0,512.0,11.11215,0.694509,300.0,1.0,1.0,0.092293,1,0.12,0,0.024501,0.522251,1.615937,0.984366,33.333333,1.414214,allow,361,0.17206863679694948,593,0.28265014299332697,572,0.2726406101048618,572,0.2726406101048618
69,2048,2089,29,0.013882,0.042522,0.140097,38,207,22,363,0.392962,200.0,200.0,60000.0,60000.0,31.114428,0.155572,0.844428,0.274876,16.0,0.000267,59800.0,512.0,11.422886,0.71393,300.0,1.0,1.0,0.092533,1,0.12,0,0.023799,0.509985,1.596848,0.975801,50.969697,1.414214,allow,355,0.16993776926759216,587,0.2809956917185256,575,0.2752513164193394,572,0.27381522259454283
70,2049,2064,19,0.009205,0.028701,0.092233,44,206,16,357,0.377644,175.0,175.0,52500.0,52500.0,27.556818,0.157468,0.842532,0.259943,16.0,0.000305,52325.0,512.0,11.596591,0.724787,300.0,1.0,1.0,0.092733,1,0.12,0,0.025628,0.494429,1.572305,0.985057,31.391304,1.414214,allow,345,0.16715116279069767,579,0.2805232558139535,575,0.27858527131782945,565,0.27374031007751937
71,2050,2040,16,0.007843,0.025397,0.077295,40,207,18,360,0.342857,154.0,154.0,46200.0,46200.0,25.264516,0.164055,0.835945,0.254839,16.0,0.000346,46046.0,512.0,11.696774,0.731048,300.0,1.0,1.0,0.093013,1,0.12,0,0.027656,0.483237,1.554408,0.984314,32.0,1.414214,allow,339,0.1661764705882353,575,0.2818627450980392,567,0.27794117647058825,559,0.2740196078431373
72,2051,2030,21,0.010345,0.034258,0.103448,31,203,17,356,0.337684,141.0,141.0,42300.0,42300.0,22.605634,0.160324,0.839676,0.257923,16.0,0.000378,42159.0,512.0,11.683099,0.730194,300.0,1.0,1.0,0.093213,1,0.12,0,0.02756,0.477263,1.544771,0.981187,38.347826,1.414214,allow,332,0.16354679802955666,575,0.2832512315270936,567,0.2793103448275862,556,0.2738916256157635
73,2052,2006,14,0.006979,0.023411,0.068966,38,203,18,351,0.32107,129.0,129.0,38700.0,38700.0,18.369231,0.142397,0.857603,0.239423,16.0,0.000413,38571.0,512.0,12.023077,0.751442,300.0,1.0,1.0,0.09344,1,0.12,0,0.028015,0.468415,1.530384,0.986042,28.0,1.414214,allow,326,0.1625124626121635,572,0.2851445663010967,563,0.2806580259222333,545,0.2716849451645065
74,2053,1989,15,0.007541,0.025338,0.074257,32,202,24,343,0.317568,136.0,136.0,40800.0,40800.0,17.284672,0.127093,0.872907,0.300639,16.0,0.000392,40664.0,512.0,11.014599,0.688412,300.0,1.0,1.0,0.09368,1,0.12,0,0.028418,0.458121,1.513474,0.984917,30.0,1.414214,allow,317,0.159376571141277,565,0.2840623428858723,563,0.28305681246857717,544,0.27350427350427353
75,2054,1978,21,0.010617,0.035714,0.100962,32,208,21,351,0.292517,113.0,113.0,33900.0,33900.0,14.754386,0.13057,0.86943,0.253838,16.0,0.000472,33787.0,512.0,11.807018,0.737939,300.0,1.0,1.0,0.093907,1,0.12,0,0.030167,0.452661,1.504428,0.978766,42.0,1.414214,allow,313,0.15824064711830133,562,0.28412537917087965,557,0.2815975733063701,546,0.27603640040444893
76,2055,1958,18,0.009193,0.030875,0.087379,38,206,22,349,0.29331,112.0,112.0,33600.0,33600.0,14.19469,0.126738,0.873262,0.238385,16.0,0.000476,33488.0,512.0,11.973451,0.748341,300.0,1.0,1.0,0.094133,1,0.12,0,0.030896,0.442791,1.487937,0.981614,36.0,1.414214,allow,304,0.15526046986721145,554,0.28294177732379977,555,0.28345250255362614,545,0.2783452502553626
77,2056,1949,16,0.008209,0.02807,0.08,25,200,18,351,0.298246,95.0,95.0,28500.0,28500.0,14.4375,0.151974,0.848026,0.205729,16.0,0.000561,28405.0,512.0,12.5625,0.785156,300.0,1.0,1.0,0.094227,1,0.12,0,0.032014,0.436536,1.477389,0.983581,32.0,1.414214,allow,299,0.1534120061570036,554,0.2842483324781939,557,0.2857875833760903,539,0.2765520779887122
78,2057,1927,19,0.00986,0.033688,0.094059,41,202,17,357,0.283688,83.0,83.0,24900.0,24900.0,9.928571,0.119621,0.880379,0.196429,16.0,0.000643,24817.0,512.0,12.714286,0.794643,300.0,1.0,1.0,0.09456,1,0.12,0,0.032744,0.429516,1.465462,0.98028,38.0,1.414214,allow,290,0.15049299429164503,551,0.28593668915412557,551,0.28593668915412557,535,0.2776336274001038
79,2058,1913,16,0.008364,0.029144,0.079602,30,201,17,349,0.26776,77.0,77.0,23100.0,23100.0,10.153846,0.131868,0.868132,0.228365,16.0,0.000693,23023.0,512.0,12.0,0.75,300.0,1.0,1.0,0.094707,1,0.12,0,0.029757,0.420981,1.450829,0.985233,28.444444,1.414214,allow,283,0.14793518034500783,551,0.2880292733925771,546,0.2854155776267642,533,0.2786199686356508
80,2059,1894,29,0.015312,0.053903,0.147959,48,196,17,346,0.271375,73.0,73.0,21900.0,21900.0,8.324324,0.114032,0.885968,0.195946,16.0,0.000731,21827.0,512.0,12.581081,0.786318,300.0,1.0,1.0,0.095133,1,0.12,0,0.032064,0.411292,1.434036,0.97331,50.969697,1.414214,allow,274,0.1446673706441394,550,0.29039070749736007,545,0.2877507919746568,525,0.2771911298838437
81,2060,1893,24,0.012678,0.045028,0.126984,25,189,16,343,0.290807,75.0,75.0,22500.0,22500.0,9.368421,0.124912,0.875088,0.245888,16.0,0.000711,22425.0,512.0,11.75,0.734375,300.0,1.0,1.0,0.09508,1,0.12,0,0.031533,0.402266,1.418213,0.974643,48.0,1.414214,allow,268,0.1415742208135235,553,0.29212889593238245,545,0.2879027997886952,527,0.27839408346539884
82,2061,1873,15,0.008009,0.028846,0.082418,35,182,16,342,0.3,71.0,71.0,21300.0,21300.0,8.305556,0.11698,0.88302,0.205729,16.0,0.000751,21229.0,512.0,12.361111,0.772569,300.0,1.0,1.0,0.095227,1,0.12,0,0.031498,0.395102,1.405529,0.985976,26.470588,1.414214,allow,255,0.13614522156967432,553,0.2952482648158035,543,0.28990923651895356,522,0.27869727709556863
83,2062,1847,12,0.006497,0.023438,0.068182,38,176,13,339,0.3125,64.0,64.0,19200.0,19200.0,8.0,0.125,0.875,0.195192,16.0,0.000833,19136.0,512.0,12.523077,0.782692,300.0,1.0,1.0,0.095533,1,0.12,0,0.031495,0.390609,1.397514,0.988991,20.571429,1.414214,allow,245,0.13264753654574987,547,0.2961559285327558,538,0.29128316188413644,517,0.27991337303735786
84,2063,1828,17,0.0093,0.033399,0.094972,36,179,21,339,0.29666,79.0,79.0,23700.0,23700.0,8.925,0.112975,0.887025,0.258594,16.0,0.000675,23621.0,512.0,11.5625,0.722656,300.0,1.0,1.0,0.095853,1,0.12,0,0.033337,0.383491,1.384722,0.9814,34.0,1.414214,allow,234,0.12800875273522977,542,0.2964989059080963,537,0.2937636761487965,515,0.2817286652078775
85,2064,1799,16,0.008894,0.031936,0.092486,45,173,16,341,0.309381,68.0,68.0,20400.0,20400.0,8.202899,0.120631,0.879369,0.268116,16.0,0.000784,20332.0,512.0,11.362319,0.710145,300.0,1.0,1.0,0.096227,1,0.12,0,0.033987,0.378011,1.374793,0.984297,28.444444,1.414214,allow,219,0.1217342968315731,539,0.29961089494163423,535,0.2973874374652585,506,0.2812673707615342
86,2065,1786,22,0.012318,0.044715,0.127168,35,173,24,343,0.296748,76.0,76.0,22800.0,22800.0,8.987013,0.11825,0.88175,0.306818,16.0,0.000702,22724.0,512.0,11.038961,0.689935,300.0,1.0,1.0,0.09648,1,0.12,0,0.036004,0.369987,1.360124,0.975364,44.0,1.414214,allow,212,0.1187010078387458,545,0.3051511758118701,529,0.2961926091825308,500,0.2799552071668533
87,2066,1778,19,0.010686,0.037773,0.106742,27,178,20,351,0.292247,65.0,65.0,19500.0,19500.0,7.0,0.107692,0.892308,0.249053,16.0,0.000821,19435.0,512.0,11.924242,0.745265,300.0,1.0,1.0,0.096547,1,0.12,0,0.037183,0.362504,1.346299,0.982653,31.391304,1.414214,allow,207,0.11642294713160854,544,0.3059617547806524,528,0.296962879640045,499,0.28065241844769406
88,2067,1757,13,0.007399,0.025948,0.075145,34,173,15,350,0.309381,57.0,57.0,17100.0,17100.0,7.689655,0.134906,0.865094,0.213362,16.0,0.000936,17043.0,512.0,12.431034,0.77694,300.0,1.0,1.0,0.096747,1,0.12,0,0.037594,0.354217,1.330821,0.985202,26.0,1.414214,allow,199,0.11326124075128059,539,0.30677290836653387,527,0.29994308480364257,492,0.280022766078543
89,2068,1749,17,0.00972,0.034553,0.100592,25,169,13,348,0.313008,55.0,55.0,16500.0,16500.0,7.142857,0.12987,0.87013,0.194196,16.0,0.00097,16445.0,512.0,12.714286,0.794643,300.0,1.0,1.0,0.096907,1,0.12,0,0.0396,0.348889,1.320775,0.98056,34.0,1.414214,allow,193,0.11034877072612921,534,0.3053173241852487,527,0.30131503716409375,495,0.2830188679245283
90,2069,1733,17,0.00981,0.034908,0.098266,33,173,21,350,0.289528,67.0,67.0,20100.0,20100.0,8.323529,0.124232,0.875768,0.276654,16.0,0.000796,20033.0,512.0,11.485294,0.717831,300.0,1.0,1.0,0.09712,1,0.12,0,0.038849,0.343651,1.310823,0.982553,30.421053,1.414214,allow,189,0.1090594345066359,529,0.30525100980957875,525,0.30294287362954414,490,0.2827466820542412
91,2070,1714,21,0.012252,0.043933,0.121387,40,173,18,349,0.276151,60.0,60.0,18000.0,18000.0,6.622951,0.110383,0.889617,0.279713,16.0,0.000889,17940.0,512.0,11.377049,0.711066,300.0,1.0,1.0,0.097427,1,0.12,0,0.037541,0.337745,1.299509,0.981497,32.666667,1.414214,allow,179,0.1044340723453909,531,0.3098016336056009,521,0.3039673278879813,483,0.28179696616102684
92,2071,1712,23,0.013435,0.048319,0.130682,25,176,21,344,0.260504,62.0,62.0,18600.0,18600.0,6.253968,0.10087,0.89913,0.279762,16.0,0.00086,18538.0,512.0,11.380952,0.71131,300.0,1.0,1.0,0.09748,1,0.12,0,0.035423,0.331137,1.286735,0.973131,46.0,1.414214,allow,174,0.10163551401869159,534,0.3119158878504673,521,0.30432242990654207,483,0.2821261682242991
93,2072,1699,18,0.010594,0.037657,0.101124,31,178,18,340,0.25523,61.0,61.0,18300.0,18300.0,7.064516,0.115812,0.884188,0.268145,16.0,0.000874,18239.0,512.0,11.596774,0.724798,300.0,1.0,1.0,0.097587,1,0.12,1,0.03492,0.323782,1.272364,0.978811,36.0,1.414214,allow,166,0.09770453207769277,528,0.3107710417892878,523,0.3078281341965862,482,0.2836962919364332
94,2073,1678,16,0.009535,0.033403,0.086486,37,185,20,339,0.227557,58.0,58.0,17400.0,17400.0,5.525424,0.095266,0.904734,0.247881,16.0,0.00092,17342.0,512.0,12.016949,0.751059,300.0,1.0,1.0,0.09784,1,0.12,0,0.034266,0.319512,1.263946,0.98093,32.0,1.414214,allow,157,0.0935637663885578,525,0.31287246722288437,523,0.31168057210965433,473,0.28188319427890346
95,2074,1670,13,0.007784,0.027083,0.070652,21,184,18,344,0.233333,49.0,49.0,14700.0,14700.0,5.24,0.106939,0.893061,0.26375,16.0,0.001088,14651.0,512.0,11.78,0.73625,300.0,1.0,1.0,0.097907,1,0.12,0,0.035828,0.316462,1.257898,0.984431,26.0,1.414214,allow,153,0.09161676646706587,525,0.3143712574850299,520,0.31137724550898205,472,0.28263473053892213
96,2075,1659,21,0.012658,0.043933,0.114754,32,183,16,344,0.23431,45.0,45.0,13500.0,13500.0,4.173913,0.092754,0.907246,0.216033,16.0,0.001185,13455.0,512.0,12.543478,0.783967,300.0,1.0,1.0,0.09816,1,0.12,0,0.036469,0.310584,1.246163,0.974684,42.0,1.414214,allow,138,0.08318264014466546,525,0.31645569620253167,523,0.3152501506931887,473,0.28511151295961423
97,2076,1644,17,0.010341,0.035639,0.093407,32,182,15,342,0.236897,47.0,47.0,14100.0,14100.0,4.208333,0.089539,0.910461,0.207031,16.0,0.001135,14053.0,512.0,12.625,0.789062,300.0,1.0,1.0,0.098307,1,0.12,0,0.039219,0.305008,1.234925,0.981609,30.421053,1.414214,allow,131,0.07968369829683698,518,0.3150851581508516,527,0.32055961070559613,468,0.2846715328467153
98,2077,1638,19,0.0116,0.03854,0.1,25,190,19,345,0.229209,56.0,56.0,16800.0,16800.0,5.473684,0.097744,0.902256,0.252193,16.0,0.000952,16744.0,512.0,11.947368,0.746711,300.0,1.0,1.0,0.098413,1,0.12,0,0.03997,0.300725,1.226223,0.981171,31.391304,1.414214,allow,127,0.07753357753357754,520,0.31746031746031744,530,0.3235653235653236,461,0.28144078144078144
99,2078,1625,15,0.009231,0.029528,0.076142,28,197,19,345,0.224409,59.0,59.0,17700.0,17700.0,6.666667,0.112994,0.887006,0.252083,16.0,0.000904,17641.0,512.0,11.866667,0.741667,300.0,1.0,1.0,0.098533,1,0.12,0,0.040905,0.297399,1.219424,0.985805,23.684211,1.414214,allow,121,0.07446153846153847,522,0.3212307692307692,530,0.3261538461538461,452,0.27815384615384614
100,2079,1619,26,0.016059,0.051081,0.134021,32,194,12,340,0.237721,49.0,49.0,14700.0,14700.0,6.08,0.124082,0.875918,0.19375,16.0,0.001088,14651.0,512.0,12.84,0.8025,300.0,1.0,1.0,0.09876,1,0.12,0,0.041987,0.293193,1.21077,0.970257,48.285714,1.414214,allow,116,0.07164916615194565,519,0.32056825200741196,536,0.33106856084002473,448,0.27671402100061765
101,2080,1597,10,0.006262,0.019608,0.051546,32,194,15,334,0.239216,57.0,57.0,17100.0,17100.0,7.344828,0.128857,0.871143,0.270474,16.0,0.000936,17043.0,512.0,11.62069,0.726293,300.0,1.0,1.0,0.09884,1,0.12,0,0.04164,0.289052,1.202189,0.987477,20.0,1.414214,allow,111,0.06950532247964934,514,0.32185347526612396,534,0.3343769567939887,438,0.2742642454602379
102,2081,1589,19,0.011957,0.037475,0.097938,27,194,20,335,0.234714,62.0,62.0,18600.0,18600.0,8.095238,0.130568,0.869432,0.285714,16.0,0.00086,18538.0,512.0,11.380952,0.71131,300.0,1.0,1.0,0.099067,1,0.12,0,0.041168,0.283492,1.190571,0.976086,38.0,1.414214,allow,104,0.06544996853366897,510,0.3209565764631844,537,0.33794839521711767,438,0.27564505978602893
103,2082,1580,21,0.013291,0.041667,0.108247,30,194,18,335,0.230159,53.0,53.0,15900.0,15900.0,5.962963,0.112509,0.887491,0.253472,16.0,0.001006,15847.0,512.0,11.925926,0.74537,300.0,1.0,1.0,0.099213,1,0.12,0,0.043324,0.278633,1.180324,0.973418,42.0,1.414214,allow,98,0.0620253164556962,511,0.32341772151898734,537,0.33987341772151897,434,0.2746835443037975
104,2083,1583,29,0.01832,0.057884,0.154255,26,188,18,333,0.249501,55.0,55.0,16500.0,16500.0,6.321429,0.114935,0.885065,0.296875,16.0,0.00097,16445.0,512.0,11.232143,0.702009,300.0,1.0,1.0,0.09928,1,0.12,0,0.043587,0.273592,1.169598,0.968066,50.969697,1.414214,allow,89,0.05622236260265319,514,0.32469993682880605,535,0.3379658875552748,445,0.28111181301326593
105,2084,1563,20,0.012796,0.039683,0.10582,40,189,16,337,0.25,47.0,47.0,14100.0,14100.0,5.25,0.111702,0.888298,0.252604,16.0,0.001135,14053.0,512.0,11.9375,0.746094,300.0,1.0,1.0,0.099427,1,0.12,0,0.042929,0.268318,1.15827,0.976839,36.363636,1.414214,allow,86,0.05502239283429303,505,0.32309660908509275,533,0.34101087651951373,439,0.28087012156110047
106,2085,1551,20,0.012895,0.040161,0.106952,32,187,18,336,0.248996,52.0,52.0,15600.0,15600.0,5.660377,0.108853,0.891147,0.239387,16.0,0.001026,15548.0,512.0,12.169811,0.760613,300.0,1.0,1.0,0.099587,1,0.12,0,0.044157,0.263242,1.147262,0.97421,40.0,1.414214,allow,77,0.04964539007092199,502,0.3236621534493875,530,0.3417150225660864,442,0.28497743391360414
107,2086,1537,20,0.013012,0.039683,0.104167,34,192,23,338,0.238095,61.0,61.0,18300.0,18300.0,6.096774,0.099947,0.900053,0.315524,16.0,0.000874,18239.0,512.0,10.935484,0.683468,300.0,1.0,1.0,0.099773,1,0.12,0,0.045824,0.258294,1.136428,0.973975,40.0,1.414214,allow,69,0.044892648015614836,502,0.3266102797657775,526,0.34222511385816523,440,0.28627195836044245
108,2087,1536,23,0.014974,0.045187,0.117347,24,196,20,339,0.229862,52.0,52.0,15600.0,15600.0,5.811321,0.111756,0.888244,0.318396,16.0,0.001026,15548.0,512.0,10.90566,0.681604,300.0,1.0,1.0,0.099827,1,0.12,0,0.043882,0.25478,1.128671,0.974808,39.185185,1.414214,allow,62,0.040364583333333336,502,0.3268229166666667,525,0.341796875,447,0.291015625
109,2088,1521,14,0.009204,0.027451,0.072165,29,194,17,337,0.239216,55.0,55.0,16500.0,16500.0,7.178571,0.130519,0.869481,0.299107,16.0,0.00097,16445.0,512.0,11.125,0.695312,300.0,1.0,1.0,0.099907,1,0.12,0,0.04401,0.250561,1.119288,0.981591,28.0,1.414214,allow,55,0.03616042077580539,501,0.32938856015779094,524,0.3445101906640368,441,0.28994082840236685
110,2089,1524,27,0.017717,0.052224,0.137056,24,197,16,336,0.237911,61.0,61.0,18300.0,18300.0,7.709677,0.126388,0.873612,0.237903,16.0,0.000874,18239.0,512.0,12.145161,0.759073,300.0,1.0,1.0,0.10004,1,0.12,0,0.046555,0.245672,1.108315,0.969427,47.032258,1.414214,allow,52,0.03412073490813648,500,0.32808398950131235,525,0.34448818897637795,447,0.2933070866141732
111,2090,1523,23,0.015102,0.044316,0.116751,24,197,18,338,0.240848,60.0,60.0,18000.0,18000.0,8.229508,0.137158,0.862842,0.28791,16.0,0.000889,17940.0,512.0,11.327869,0.707992,300.0,1.0,1.0,0.1,1,0.12,0,0.048133,0.241261,1.09832,0.969796,46.0,1.414214,allow,49,0.03217334208798424,504,0.3309258043335522,527,0.34602757715036114,443,0.29087327642810246
112,2091,1512,22,0.01455,0.042389,0.11,33,200,15,334,0.229287,58.0,58.0,17400.0,17400.0,8.101695,0.139684,0.860316,0.239407,16.0,0.00092,17342.0,512.0,12.152542,0.759534,300.0,1.0,1.0,0.100133,1,0.12,0,0.049079,0.235685,1.085553,0.973425,40.333333,1.414214,allow,48,0.031746031746031744,498,0.32936507936507936,523,0.3458994708994709,443,0.29298941798941797
113,2092,1517,24,0.015821,0.046512,0.121212,19,198,19,336,0.232558,60.0,60.0,18000.0,18000.0,7.57377,0.12623,0.87377,0.248975,16.0,0.000889,17940.0,512.0,12.0,0.75,300.0,1.0,1.0,0.100093,1,0.12,0,0.049452,0.231242,1.075272,0.97528,38.4,1.414214,allow,47,0.03098220171390903,503,0.3315754779169413,520,0.34278180619644033,447,0.2946605141727093
114,2093,1524,26,0.01706,0.05029,0.134021,19,194,18,335,0.249516,66.0,66.0,19800.0,19800.0,10.537313,0.159656,0.840344,0.271455,16.0,0.000808,19734.0,512.0,11.626866,0.726679,300.0,1.0,1.0,0.100027,1,0.12,0,0.048909,0.227989,1.067682,0.968403,48.285714,1.414214,allow,44,0.028871391076115485,503,0.3300524934383202,530,0.34776902887139105,447,0.2933070866141732
115,2094,1512,10,0.006614,0.019802,0.054054,22,185,14,331,0.267327,62.0,62.0,18600.0,18600.0,11.047619,0.178187,0.821813,0.244048,16.0,0.00086,18538.0,512.0,12.095238,0.755952,300.0,1.0,1.0,0.099973,1,0.12,0,0.049072,0.22548,1.06179,0.986772,20.0,1.414214,allow,40,0.026455026455026454,499,0.330026455026455,532,0.35185185185185186,441,0.2916666666666667
116,2095,1510,22,0.01457,0.043564,0.122905,24,179,13,326,0.291089,71.0,71.0,21300.0,21300.0,14.805556,0.208529,0.791471,0.251736,16.0,0.000751,21229.0,512.0,11.958333,0.747396,300.0,1.0,1.0,0.10016,1,0.12,0,0.049819,0.222593,1.054972,0.975677,37.230769,1.414214,allow,35,0.023178807947019868,494,0.3271523178807947,538,0.3562913907284768,443,0.2933774834437086
117,2096,1503,22,0.014637,0.043651,0.121547,29,181,13,330,0.281746,61.0,61.0,18300.0,18300.0,12.290323,0.201481,0.798519,0.219758,16.0,0.000874,18239.0,512.0,12.483871,0.780242,300.0,1.0,1.0,0.100253,1,0.12,0,0.049871,0.215156,1.037197,0.975564,37.230769,1.414214,allow,30,0.01996007984031936,490,0.3260146373918829,541,0.35994677312042583,442,0.2940785096473719
118,2097,1485,13,0.008754,0.02554,0.069519,31,187,27,335,0.265226,89.0,89.0,26700.0,26700.0,11.688889,0.131336,0.868664,0.38125,16.0,0.000599,26611.0,512.0,9.9,0.61875,300.0,1.0,1.0,0.100373,1,0.12,0,0.049993,0.212809,1.031525,0.982492,26.0,1.414214,allow,29,0.019528619528619527,484,0.32592592592592595,535,0.3602693602693603,437,0.2942760942760943
119,2098,1492,25,0.016756,0.049505,0.131579,18,190,19,335,0.247525,64.0,64.0,19200.0,19200.0,9.538462,0.149038,0.850962,0.269231,16.0,0.000833,19136.0,512.0,11.692308,0.730769,300.0,1.0,1.0,0.10044,1,0.12,0,0.050575,0.210705,1.026413,0.971421,43.103448,1.414214,allow,26,0.01742627345844504,488,0.32707774798927614,535,0.3585790884718499,443,0.29691689008042893
120,2099,1489,19,0.01276,0.037328,0.097436,22,195,18,341,0.233792,59.0,59.0,17700.0,17700.0,8.333333,0.141243,0.858757,0.255208,16.0,0.000904,17641.0,512.0,11.9,0.74375,300.0,1.0,1.0,0.1004,1,0.12,0,0.050111,0.206177,1.015324,0.979287,31.391304,1.414214,allow,24,0.016118200134318333,488,0.3277367360644728,538,0.361316319677636,439,0.29482874412357285
121,2100,1481,23,0.01553,0.045187,0.119171,31,193,18,333,0.24165,64.0,64.0,19200.0,19200.0,9.323077,0.145673,0.854327,0.281731,16.0,0.000833,19136.0,512.0,11.492308,0.718269,300.0,1.0,1.0,0.10056,1,0.12,0,0.051129,0.202554,1.006364,0.971523,42.32,1.414214,allow,22,0.014854827819041188,486,0.3281566509115463,537,0.362592842673869,436,0.29439567859554355
122,2101,1487,22,0.014795,0.042308,0.110553,16,199,22,339,0.234615,69.0,69.0,20700.0,20700.0,11.828571,0.171429,0.828571,0.373214,16.0,0.000773,20631.0,512.0,10.028571,0.626786,300.0,1.0,1.0,0.100467,1,0.12,0,0.052261,0.199905,0.999763,0.975301,37.230769,1.414214,allow,23,0.01546738399462004,486,0.32683254875588436,536,0.3604572965702757,442,0.2972427706792199
123,2102,1488,15,0.010081,0.028626,0.074627,14,201,17,339,0.232824,55.0,55.0,16500.0,16500.0,6.964286,0.126623,0.873377,0.268973,16.0,0.00097,16445.0,512.0,11.696429,0.731027,300.0,1.0,1.0,0.10036,1,0.12,0,0.052424,0.19748,0.993679,0.982348,26.470588,1.414214,allow,23,0.015456989247311828,488,0.3279569892473118,532,0.3575268817204301,445,0.29905913978494625
124,2103,1481,19,0.012829,0.03619,0.094527,26,201,16,340,0.234286,57.0,57.0,17100.0,17100.0,8.103448,0.142166,0.857834,0.28556,16.0,0.000936,17043.0,512.0,11.431034,0.71444,300.0,1.0,1.0,0.100507,1,0.12,0,0.052023,0.19404,0.984989,0.974342,38.0,1.414214,allow,21,0.014179608372721135,487,0.3288318703578663,530,0.35786630654962864,443,0.29912221471978395
125,2104,1479,17,0.011494,0.032136,0.082927,19,205,18,347,0.224953,55.0,55.0,16500.0,16500.0,7.75,0.140909,0.859091,0.261161,16.0,0.00097,16445.0,512.0,11.821429,0.738839,300.0,1.0,1.0,0.100507,1,0.12,0,0.052116,0.19131,0.978034,0.979557,30.421053,1.414214,allow,21,0.014198782961460446,482,0.325895875591616,529,0.35767410412440837,447,0.3022312373225152
126,2105,1477,23,0.015572,0.043977,0.112745,25,204,22,353,0.219885,57.0,57.0,17100.0,17100.0,7.241379,0.127042,0.872958,0.297414,16.0,0.000936,17043.0,512.0,11.241379,0.702586,300.0,1.0,1.0,0.100613,1,0.12,0,0.0529,0.187221,0.967525,0.971446,42.32,1.414214,allow,20,0.013540961408259987,484,0.3276912660798917,528,0.35748138117806366,445,0.3012863913337847
127,2106,1488,22,0.014785,0.042885,0.112245,11,196,14,349,0.235867,43.0,43.0,12900.0,12900.0,7.0,0.162791,0.837209,0.295455,16.0,0.00124,12857.0,512.0,11.272727,0.704545,300.0,1.0,1.0,0.100453,1,0.12,0,0.054648,0.184763,0.961154,0.972996,40.333333,1.414214,allow,18,0.012096774193548387,486,0.32661290322580644,532,0.3575268817204301,452,0.30376344086021506
128,2107,1483,16,0.010789,0.030476,0.081218,21,197,26,351,0.249524,73.0,73.0,21900.0,21900.0,10.216216,0.139948,0.860052,0.377534,16.0,0.000731,21827.0,512.0,9.959459,0.622466,300.0,1.0,1.0,0.10044,1,0.12,0,0.055424,0.181983,0.953894,0.978422,32.0,1.414214,allow,14,0.009440323668240054,482,0.32501685772083616,527,0.35536075522589344,460,0.31018206338503035
129,2108,1483,25,0.016858,0.046642,0.122549,25,204,20,349,0.238806,66.0,66.0,19800.0,19800.0,11.253731,0.170511,0.829489,0.333955,16.0,0.000808,19734.0,512.0,10.656716,0.666045,300.0,1.0,1.0,0.10056,1,0.12,0,0.054261,0.178151,0.943797,0.966285,50.0,1.414214,allow,13,0.008766014834794335,478,0.32231962238705325,524,0.3533378287255563,468,0.3155765340525961
130,2109,1495,25,0.016722,0.046211,0.120192,13,208,22,346,0.231054,74.0,74.0,22200.0,22200.0,13.12,0.177297,0.822703,0.3575,16.0,0.000721,22126.0,512.0,10.28,0.6425,300.0,1.0,1.0,0.1004,1,0.12,0,0.055144,0.175963,0.937984,0.969124,46.296296,1.414214,allow,13,0.008695652173913044,483,0.3230769230769231,527,0.35250836120401335,472,0.3157190635451505
131,2110,1500,16,0.010667,0.029144,0.077295,11,207,17,347,0.245902,72.0,72.0,21600.0,21600.0,14.273973,0.19825,0.80175,0.315925,16.0,0.000741,21528.0,512.0,10.945205,0.684075,300.0,1.0,1.0,0.100213,1,0.12,0,0.054379,0.174093,0.932988,0.978667,32.0,1.414214,allow,12,0.008,483,0.322,530,0.35333333333333333,475,0.31666666666666665
132,2111,1498,17,0.011348,0.030741,0.082927,19,205,23,350,0.25859,87.0,87.0,26100.0,26100.0,13.522727,0.155434,0.844566,0.368608,16.0,0.000613,26013.0,512.0,10.102273,0.631392,300.0,1.0,1.0,0.100253,1,0.12,0,0.054789,0.171453,0.925885,0.977303,34.0,1.414214,allow,12,0.00801068090787717,483,0.32242990654205606,532,0.35514018691588783,471,0.3144192256341789
133,2112,1497,16,0.010688,0.029412,0.07767,17,206,15,349,0.242647,63.0,63.0,18900.0,18900.0,12.0625,0.191468,0.808532,0.256836,16.0,0.000847,18837.0,512.0,11.890625,0.743164,300.0,1.0,1.0,0.100253,1,0.12,0,0.054805,0.170851,0.924259,0.981129,28.444444,1.414214,allow,11,0.007348029392117568,481,0.321309285237141,529,0.353373413493654,476,0.3179692718770875
134,2113,1494,21,0.014056,0.037975,0.099526,24,211,17,352,0.23689,60.0,60.0,18000.0,18000.0,9.639344,0.160656,0.839344,0.293033,16.0,0.000889,17940.0,512.0,11.311475,0.706967,300.0,1.0,1.0,0.10036,1,0.12,0,0.054624,0.168662,0.918319,0.976732,35.28,1.414214,allow,11,0.007362784471218206,478,0.31994645247657294,533,0.356760374832664,472,0.31593038821954483
135,2114,1499,22,0.014676,0.039427,0.101382,17,217,25,356,0.222222,73.0,73.0,21900.0,21900.0,9.405405,0.128841,0.871159,0.374155,16.0,0.000731,21827.0,512.0,10.013514,0.625845,300.0,1.0,1.0,0.100307,1,0.12,0,0.05373,0.165555,0.909821,0.970647,44.0,1.414214,allow,11,0.00733822548365577,479,0.31954636424282856,535,0.35690460306871247,474,0.3162108072048032
136,2115,1491,14,0.00939,0.025271,0.064815,22,216,17,353,0.220217,56.0,56.0,16800.0,16800.0,9.368421,0.167293,0.832707,0.280702,16.0,0.000952,16744.0,512.0,11.508772,0.719298,300.0,1.0,1.0,0.100307,1,0.12,0,0.054128,0.163898,0.905256,0.983712,24.5,1.414214,allow,11,0.007377598926894702,479,0.32126089872568747,532,0.3568075117370892,469,0.3145539906103286
137,2116,1510,33,0.021854,0.05914,0.152778,14,216,22,360,0.225806,62.0,62.0,18600.0,18600.0,7.873016,0.126984,0.873016,0.34127,16.0,0.00086,18538.0,512.0,10.539683,0.65873,300.0,1.0,1.0,0.100307,1,0.12,0,0.054452,0.161731,0.899252,0.963516,55.846154,1.414214,allow,11,0.00728476821192053,487,0.32251655629139075,535,0.3543046357615894,477,0.31589403973509933
138,2117,1514,25,0.016513,0.045126,0.115207,21,217,24,361,0.216606,67.0,67.0,20100.0,20100.0,8.617647,0.128622,0.871378,0.318934,16.0,0.000796,20033.0,512.0,10.897059,0.681066,300.0,1.0,1.0,0.100147,1,0.12,0,0.054497,0.159299,0.892466,0.966975,50.0,1.414214,allow,10,0.0066050198150594455,489,0.3229854689564069,535,0.3533685601056803,480,0.31704095112285335
139,2118,1524,21,0.01378,0.037567,0.096774,11,217,17,364,0.223614,55.0,55.0,16500.0,16500.0,7.928571,0.144156,0.855844,0.262277,16.0,0.00097,16445.0,512.0,11.803571,0.737723,300.0,1.0,1.0,0.09996,1,0.12,0,0.054285,0.157669,0.887888,0.972441,42.0,1.414214,allow,10,0.006561679790026247,492,0.3228346456692913,537,0.35236220472440943,485,0.318241469816273
140,2119,1534,25,0.016297,0.044248,0.113122,15,221,21,366,0.217699,60.0,60.0,18000.0,18000.0,7.934426,0.13224,0.86776,0.285861,16.0,0.000889,17940.0,512.0,11.42623,0.714139,300.0,1.0,1.0,0.09988,1,0.12,0,0.055153,0.156167,0.883649,0.972203,43.103448,1.414214,allow,10,0.00651890482398957,494,0.3220338983050847,540,0.3520208604954368,490,0.3194263363754889
141,2120,1534,21,0.01369,0.037037,0.09292,21,226,22,365,0.202822,60.0,60.0,18000.0,18000.0,7.147541,0.119126,0.880874,0.285861,16.0,0.000889,17940.0,512.0,11.42623,0.714139,300.0,1.0,1.0,0.099827,1,0.12,0,0.055808,0.153884,0.877166,0.977339,35.28,1.414214,allow,10,0.00651890482398957,501,0.32659713168187743,531,0.34615384615384615,492,0.32073011734028684
142,2121,1542,21,0.013619,0.037168,0.09292,13,226,18,363,0.2,46.0,46.0,13800.0,13800.0,5.106383,0.111008,0.888992,0.279255,16.0,0.001159,13754.0,512.0,11.531915,0.720745,300.0,1.0,1.0,0.09972,1,0.12,0,0.057338,0.152464,0.873111,0.972763,42.0,1.414214,allow,10,0.00648508430609598,504,0.32684824902723736,531,0.3443579766536965,497,0.3223086900129702
143,2122,1542,20,0.01297,0.035398,0.088496,20,226,18,368,0.2,42.0,42.0,12600.0,12600.0,4.55814,0.108527,0.891473,0.265988,16.0,0.00127,12558.0,512.0,11.744186,0.734012,300.0,1.0,1.0,0.099707,1,0.12,0,0.057292,0.151014,0.868947,0.976524,36.363636,1.414214,allow,10,0.00648508430609598,508,0.32944228274967574,529,0.3430609597924773,495,0.321011673151751
144,2123,1561,28,0.017937,0.049209,0.122271,9,229,16,370,0.195079,42.0,42.0,12600.0,12600.0,5.906977,0.140642,0.859358,0.328488,16.0,0.00127,12558.0,512.0,10.744186,0.671512,300.0,1.0,1.0,0.09956,1,0.12,0,0.058556,0.149906,0.865753,0.966597,52.266667,1.414214,allow,10,0.0064061499039077515,510,0.32671364509929535,541,0.34657270980140936,500,0.3203074951953876
145,2124,1571,25,0.015913,0.043403,0.107296,15,233,21,369,0.190972,52.0,52.0,15600.0,15600.0,7.245283,0.139332,0.860668,0.350236,16.0,0.001026,15548.0,512.0,10.396226,0.649764,300.0,1.0,1.0,0.099387,1,0.12,0,0.059276,0.148055,0.860393,0.972858,43.103448,1.414214,allow,10,0.006365372374283896,513,0.32654360280076383,543,0.34563971992361553,505,0.3214513049013367
146,2125,1579,20,0.012666,0.035336,0.090498,12,221,18,369,0.219081,47.0,47.0,14100.0,14100.0,8.083333,0.171986,0.828014,0.385417,16.0,0.001135,14053.0,512.0,9.833333,0.614583,300.0,1.0,1.0,0.099213,1,0.12,0,0.058628,0.147008,0.857344,0.977074,36.363636,1.414214,allow,10,0.006333122229259025,512,0.32425585813806207,542,0.34325522482583914,515,0.32615579480683976
147,2126,1578,22,0.013942,0.037866,0.097345,23,226,17,366,0.222031,56.0,56.0,16800.0,16800.0,10.245614,0.182957,0.817043,0.410088,16.0,0.000952,16744.0,512.0,9.438596,0.589912,300.0,1.0,1.0,0.099253,1,0.12,0,0.060331,0.145318,0.852403,0.972117,44.0,1.414214,allow,10,0.0063371356147021544,510,0.3231939163498099,535,0.33903675538656525,523,0.3314321926489227
148,2127,1582,22,0.013906,0.037479,0.098655,18,223,23,365,0.240204,80.0,80.0,24000.0,24000.0,12.765432,0.159568,0.840432,0.431327,16.0,0.000667,23920.0,512.0,9.098765,0.568673,300.0,1.0,1.0,0.0992,1,0.12,0,0.061474,0.143738,0.847756,0.972187,44.0,1.414214,allow,10,0.006321112515802781,512,0.32364096080910243,535,0.3381795195954488,525,0.33185840707964603
149,2128,1596,28,0.017544,0.04811,0.126126,14,222,24,364,0.237113,81.0,81.0,24300.0,24300.0,16.073171,0.198434,0.801566,0.448171,16.0,0.000658,24219.0,512.0,8.829268,0.551829,300.0,1.0,1.0,0.099093,1,0.12,0,0.06164,0.142262,0.843392,0.967329,52.266667,1.414214,allow,10,0.006265664160401002,515,0.3226817042606516,539,0.33771929824561403,532,0.3333333333333333
150,2129,1592,16,0.01005,0.02807,0.074766,20,214,22,363,0.249123,75.0,75.0,22500.0,22500.0,13.052632,0.174035,0.825965,0.422697,16.0,0.000711,22425.0,512.0,9.236842,0.577303,300.0,1.0,1.0,0.098987,1,0.12,0,0.061939,0.140822,0.839113,0.979899,32.0,1.414214,allow,10,0.00628140703517588,513,0.3222361809045226,537,0.3373115577889447,532,0.3341708542713568
151,2130,1595,24,0.015047,0.042403,0.111111,21,216,24,365,0.236749,69.0,69.0,20700.0,20700.0,11.4,0.165217,0.834783,0.413393,16.0,0.000773,20631.0,512.0,9.385714,0.586607,300.0,1.0,1.0,0.099053,1,0.12,0,0.06229,0.139645,0.835598,0.974504,41.142857,1.414214,allow,10,0.006269592476489028,516,0.32351097178683386,541,0.33918495297805645,528,0.3310344827586207
152,2131,1599,25,0.015635,0.044092,0.114679,21,218,24,364,0.231041,73.0,73.0,21900.0,21900.0,10.918919,0.149574,0.850426,0.420608,16.0,0.000731,21827.0,512.0,9.27027,0.579392,300.0,1.0,1.0,0.099013,1,0.12,0,0.062963,0.137831,0.830153,0.973333,43.103448,1.414214,allow,10,0.006253908692933083,517,0.3233270794246404,547,0.3420888055034397,525,0.32833020637898686
153,2132,1599,23,0.014384,0.040422,0.105023,23,219,23,370,0.230228,65.0,65.0,19500.0,19500.0,10.30303,0.158508,0.841492,0.402462,16.0,0.000821,19435.0,512.0,9.560606,0.597538,300.0,1.0,1.0,0.098987,1,0.12,0,0.062393,0.135584,0.82336,0.973625,42.32,1.414214,allow,9,0.005628517823639775,513,0.32082551594746717,547,0.3420888055034397,530,0.3314571607254534
154,2133,1610,30,0.018634,0.053571,0.140187,19,214,18,367,0.235714,57.0,57.0,17100.0,17100.0,8.758621,0.15366,0.84634,0.365302,16.0,0.000936,17043.0,512.0,10.155172,0.634698,300.0,1.0,1.0,0.098933,1,0.12,0,0.06092,0.13442,0.819817,0.965135,56.25,1.414214,allow,9,0.0055900621118012426,516,0.3204968944099379,544,0.337888198757764,541,0.3360248447204969
155,2134,1621,24,0.014806,0.041451,0.110092,13,218,24,367,0.246978,82.0,82.0,24600.0,24600.0,12.337349,0.150455,0.849545,0.401355,16.0,0.00065,24518.0,512.0,9.578313,0.598645,300.0,1.0,1.0,0.098707,1,0.12,0,0.059875,0.133038,0.815592,0.972753,44.307692,1.414214,allow,8,0.004935225169648365,520,0.3207896360271437,547,0.337446020974707,546,0.33682911782850095
156,2135,1623,20,0.012323,0.034662,0.093023,18,215,22,372,0.254766,77.0,77.0,23100.0,23100.0,11.820513,0.153513,0.846487,0.354167,16.0,0.000693,23023.0,512.0,10.333333,0.645833,300.0,1.0,1.0,0.098627,1,0.12,0,0.060315,0.131988,0.812367,0.975354,40.0,1.414214,allow,8,0.004929143561306223,520,0.3203943314849045,545,0.33579790511398644,550,0.33887861983980283
157,2136,1630,22,0.013497,0.038261,0.101852,15,216,21,375,0.248696,68.0,68.0,20400.0,20400.0,11.130435,0.163683,0.836317,0.384058,16.0,0.000784,20332.0,512.0,9.855072,0.615942,300.0,1.0,1.0,0.09856,1,0.12,0,0.060481,0.130133,0.806639,0.973006,44.0,1.414214,allow,7,0.004294478527607362,521,0.3196319018404908,546,0.33496932515337424,556,0.3411042944785276
158,2137,1637,24,0.014661,0.041522,0.111111,17,216,22,378,0.252595,72.0,72.0,21600.0,21600.0,11.09589,0.15411,0.84589,0.360445,16.0,0.000741,21528.0,512.0,10.232877,0.639555,300.0,1.0,1.0,0.098493,1,0.12,0,0.060025,0.128658,0.802054,0.97302,44.307692,1.414214,allow,7,0.004276114844227245,519,0.31704337202199145,549,0.3353695784972511,562,0.34331093463653023
159,2138,1639,20,0.012203,0.034783,0.095238,18,210,18,379,0.269565,64.0,64.0,19200.0,19200.0,10.246154,0.160096,0.839904,0.292308,16.0,0.000833,19136.0,512.0,11.323077,0.707692,300.0,1.0,1.0,0.098413,1,0.12,0,0.059755,0.126951,0.796715,0.977913,36.363636,1.414214,allow,6,0.0036607687614399025,520,0.3172666259914582,551,0.3361805979255644,562,0.3428920073215375
160,2139,1641,17,0.01036,0.029825,0.082126,15,207,24,379,0.273684,75.0,75.0,22500.0,22500.0,10.842105,0.144561,0.855439,0.368421,16.0,0.000711,22425.0,512.0,10.105263,0.631579,300.0,1.0,1.0,0.098347,1,0.12,0,0.060766,0.126232,0.794455,0.979281,34.0,1.414214,allow,6,0.003656307129798903,521,0.3174893357708714,550,0.3351614868982328,564,0.3436928702010969
161,2140,1648,22,0.01335,0.037931,0.103774,15,212,16,376,0.268966,63.0,63.0,18900.0,18900.0,10.09375,0.160218,0.839782,0.267578,16.0,0.000847,18837.0,512.0,11.71875,0.732422,300.0,1.0,1.0,0.09832,1,0.12,0,0.059537,0.124554,0.789159,0.973301,44.0,1.414214,allow,6,0.0036407766990291263,523,0.31735436893203883,550,0.3337378640776699,569,0.3452669902912621
162,2141,1651,23,0.013931,0.039249,0.106481,20,216,23,384,0.262799,75.0,75.0,22500.0,22500.0,10.289474,0.137193,0.862807,0.344572,16.0,0.000711,22425.0,512.0,10.486842,0.655428,300.0,1.0,1.0,0.098293,1,0.12,0,0.060697,0.122827,0.783666,0.972138,46.0,1.414214,allow,6,0.0036341611144760752,526,0.3185947910357359,550,0.3331314354936402,569,0.34463961235614776
163,2142,1661,33,0.019868,0.056027,0.151376,23,218,23,391,0.259762,72.0,72.0,21600.0,21600.0,10.410959,0.144597,0.855403,0.319349,16.0,0.000741,21528.0,512.0,10.890411,0.680651,300.0,1.0,1.0,0.098293,1,0.12,0,0.061382,0.121335,0.778894,0.9626,62.228571,1.414214,allow,6,0.003612281757977122,527,0.3172787477423239,550,0.33112582781456956,578,0.3479831426851294
164,2143,1668,25,0.014988,0.041946,0.112108,18,223,22,393,0.251678,68.0,68.0,20400.0,20400.0,11.913043,0.175192,0.824808,0.347826,16.0,0.000784,20332.0,512.0,10.434783,0.652174,300.0,1.0,1.0,0.098093,1,0.12,0,0.061143,0.120332,0.775667,0.972326,46.296296,1.414214,allow,6,0.0035971223021582736,528,0.31654676258992803,550,0.32973621103117506,584,0.3501199040767386
165,2144,1673,25,0.014943,0.042159,0.112108,20,223,18,384,0.247892,67.0,67.0,20100.0,20100.0,12.676471,0.189201,0.810799,0.348346,16.0,0.000796,20033.0,512.0,10.426471,0.651654,300.0,1.0,1.0,0.098027,1,0.12,0,0.062406,0.119312,0.772372,0.970114,50.0,1.414214,allow,6,0.0035863717872086074,534,0.31918708906156606,550,0.328750747160789,583,0.3484757919904363
166,2145,1671,18,0.010772,0.030201,0.077922,20,231,22,385,0.224832,70.0,70.0,21000.0,21000.0,10.0,0.142857,0.857143,0.318662,16.0,0.000762,20930.0,512.0,10.901408,0.681338,300.0,1.0,1.0,0.09796,1,0.12,0,0.06439,0.118,0.768114,0.980717,32.4,1.414214,allow,6,0.003590664272890485,533,0.3189706762417714,550,0.3291442250149611,582,0.348294434470377
167,2146,1665,18,0.010811,0.02995,0.077586,24,232,23,389,0.227953,72.0,72.0,21600.0,21600.0,11.616438,0.161339,0.838661,0.391267,16.0,0.000741,21528.0,512.0,9.739726,0.608733,300.0,1.0,1.0,0.09804,1,0.12,0,0.065139,0.117211,0.765541,0.980647,32.4,1.414214,allow,6,0.0036036036036036037,535,0.3213213213213213,545,0.32732732732732733,579,0.34774774774774775
168,2147,1667,22,0.013197,0.036975,0.09607,20,229,19,388,0.230252,60.0,60.0,18000.0,18000.0,9.868852,0.164481,0.835519,0.290984,16.0,0.000889,17940.0,512.0,11.344262,0.709016,300.0,1.0,1.0,0.098067,1,0.12,0,0.065467,0.116103,0.761914,0.977968,37.230769,1.414214,allow,6,0.003599280143971206,534,0.3203359328134373,542,0.3251349730053989,585,0.3509298140371926
169,2148,1670,27,0.016168,0.044702,0.116883,24,231,19,392,0.235099,62.0,62.0,18600.0,18600.0,9.714286,0.156682,0.843318,0.281746,16.0,0.00086,18538.0,512.0,11.492063,0.718254,300.0,1.0,1.0,0.098093,1,0.12,0,0.065521,0.115008,0.758314,0.969971,50.275862,1.414214,allow,6,0.003592814371257485,530,0.31736526946107785,545,0.3263473053892216,589,0.3526946107784431
170,2149,1679,25,0.01489,0.040984,0.106383,16,235,28,391,0.229508,82.0,82.0,24600.0,24600.0,13.084337,0.159565,0.840435,0.379518,16.0,0.00065,24518.0,512.0,9.927711,0.620482,300.0,1.0,1.0,0.097947,1,0.12,0,0.065435,0.114036,0.755104,0.974604,43.103448,1.414214,allow,6,0.00357355568790947,536,0.31923764145324596,546,0.32519356759976176,591,0.3519952352590828
171,2150,1688,21,0.012441,0.034091,0.089744,12,234,19,397,0.24026,64.0,64.0,19200.0,19200.0,13.169231,0.205769,0.794231,0.331731,16.0,0.000833,19136.0,512.0,10.692308,0.668269,300.0,1.0,1.0,0.097773,1,0.12,0,0.065673,0.113127,0.752089,0.977375,38.347826,1.414214,allow,6,0.0035545023696682463,540,0.31990521327014215,546,0.3234597156398104,596,0.35308056872037913
172,2151,1697,23,0.013553,0.036918,0.097458,14,236,22,403,0.242376,72.0,72.0,21600.0,21600.0,12.246575,0.170091,0.829909,0.391267,16.0,0.000741,21528.0,512.0,9.739726,0.608733,300.0,1.0,1.0,0.09768,1,0.12,0,0.066105,0.112011,0.748369,0.975148,42.32,1.414214,allow,6,0.0035356511490866236,539,0.3176193282262817,549,0.3235120801414261,603,0.3553329404832057
173,2152,1704,21,0.012324,0.0336,0.0875,14,240,24,409,0.232,73.0,73.0,21900.0,21900.0,12.891892,0.176601,0.823399,0.36402,16.0,0.000731,21827.0,512.0,10.175676,0.63598,300.0,1.0,1.0,0.09756,1,0.12,0,0.065668,0.111099,0.745316,0.977588,38.347826,1.414214,allow,6,0.0035211267605633804,539,0.3163145539906103,552,0.323943661971831,607,0.3562206572769953
174,2153,1716,27,0.015734,0.042925,0.112033,15,241,18,407,0.233704,65.0,65.0,19500.0,19500.0,14.030303,0.215851,0.784149,0.414773,16.0,0.000821,19435.0,512.0,9.363636,0.585227,300.0,1.0,1.0,0.09748,1,0.12,0,0.064809,0.110186,0.742247,0.972848,47.032258,1.414214,allow,6,0.0034965034965034965,540,0.3146853146853147,558,0.32517482517482516,612,0.35664335664335667
175,2154,1703,16,0.009395,0.025559,0.067797,29,236,24,402,0.246006,81.0,81.0,24300.0,24300.0,14.585366,0.180066,0.819934,0.41997,16.0,0.000658,24219.0,512.0,9.280488,0.58003,300.0,1.0,1.0,0.097507,1,0.12,0,0.065602,0.108875,0.737816,0.98121,32.0,1.414214,allow,6,0.0035231943628890195,533,0.31297709923664124,557,0.3270698766881973,607,0.35642982971227244
176,2155,1707,21,0.012302,0.0336,0.089744,17,234,21,405,0.2512,72.0,72.0,21600.0,21600.0,13.972603,0.194064,0.805936,0.398116,16.0,0.000741,21528.0,512.0,9.630137,0.601884,300.0,1.0,1.0,0.09752,1,0.12,0,0.06769,0.107973,0.734757,0.981421,32.666667,1.414214,allow,6,0.0035149384885764497,530,0.3104862331575864,562,0.3292325717633275,609,0.35676625659050965
177,2156,1703,16,0.009395,0.025437,0.06639,20,241,23,404,0.233704,77.0,77.0,23100.0,23100.0,14.333333,0.186147,0.813853,0.36859,16.0,0.000693,23023.0,512.0,10.102564,0.63141,300.0,1.0,1.0,0.097507,1,0.12,0,0.06807,0.106649,0.730237,0.98121,32.0,1.414214,allow,6,0.0035231943628890195,529,0.3106283029947152,559,0.3282442748091603,609,0.3576042278332355
178,2157,1701,22,0.012934,0.034976,0.089796,24,245,24,405,0.220986,76.0,76.0,22800.0,22800.0,12.38961,0.163021,0.836979,0.356331,16.0,0.000702,22724.0,512.0,10.298701,0.643669,300.0,1.0,1.0,0.097613,1,0.12,0,0.066781,0.105456,0.726141,0.974133,44.0,1.414214,allow,5,0.0029394473838918285,527,0.3098177542621987,558,0.328042328042328,611,0.3592004703115814
179,2158,1721,32,0.018594,0.050394,0.131687,12,243,21,408,0.234646,73.0,73.0,21900.0,21900.0,12.945946,0.177342,0.822658,0.316723,16.0,0.000731,21827.0,512.0,10.932432,0.683277,300.0,1.0,1.0,0.09748,1,0.12,0,0.066737,0.104539,0.722975,0.970947,51.2,1.414214,allow,5,0.002905287623474724,531,0.30854154561301567,568,0.33004067402672865,617,0.35851249273678093
180,2159,1708,16,0.009368,0.025118,0.067227,29,238,19,404,0.252747,78.0,78.0,23400.0,23400.0,11.772152,0.150925,0.849075,0.278481,16.0,0.000684,23322.0,512.0,11.544304,0.721519,300.0,1.0,1.0,0.09744,1,0.12,0,0.067749,0.103341,0.718823,0.985363,25.6,1.414214,allow,5,0.002927400468384075,527,0.3085480093676815,564,0.33021077283372363,612,0.3583138173302108
181,2160,1706,21,0.012309,0.032407,0.08502,23,247,26,413,0.237654,88.0,88.0,26400.0,26400.0,13.460674,0.152962,0.847038,0.370787,16.0,0.000606,26312.0,512.0,10.067416,0.629213,300.0,1.0,1.0,0.097533,1,0.12,0,0.069527,0.102535,0.716012,0.977614,38.347826,1.414214,allow,5,0.0029308323563892145,526,0.3083235638921454,566,0.33177022274325907,609,0.3569753810082063
182,2161,1708,24,0.014052,0.036419,0.096386,22,249,19,415,0.24431,85.0,85.0,25500.0,25500.0,14.651163,0.172367,0.827633,0.390988,16.0,0.000627,25415.0,512.0,9.744186,0.609012,300.0,1.0,1.0,0.097547,1,0.12,0,0.070623,0.101412,0.712081,0.971897,48.0,1.414214,allow,5,0.002927400468384075,526,0.3079625292740047,565,0.33079625292740045,612,0.3583138173302108
183,2162,1706,21,0.012309,0.032258,0.083665,23,251,24,416,0.228879,90.0,90.0,27000.0,27000.0,14.659341,0.162882,0.837118,0.396978,16.0,0.000593,26910.0,512.0,9.648352,0.603022,300.0,1.0,1.0,0.097533,1,0.12,0,0.072053,0.100524,0.708957,0.977614,38.347826,1.414214,allow,5,0.0029308323563892145,524,0.3071512309495897,563,0.3300117233294256,614,0.35990621336459555
184,2163,1718,27,0.015716,0.041925,0.108,15,250,24,415,0.223602,81.0,81.0,24300.0,24300.0,13.804878,0.170431,0.829569,0.391768,16.0,0.000658,24219.0,512.0,9.731707,0.608232,300.0,1.0,1.0,0.097453,1,0.12,0,0.072833,0.099756,0.706244,0.97081,50.275862,1.414214,allow,5,0.002910360884749709,529,0.30791618160651923,563,0.3277066356228172,621,0.36146682188591384
185,2164,1727,23,0.013318,0.035881,0.090909,14,253,24,410,0.210608,77.0,77.0,23100.0,23100.0,12.871795,0.167166,0.832834,0.395032,16.0,0.000693,23023.0,512.0,9.679487,0.604968,300.0,1.0,1.0,0.09728,1,0.12,0,0.073332,0.099536,0.705466,0.97558,42.32,1.414214,allow,5,0.0028951939779965257,533,0.30862767805442964,564,0.3265778807180081,625,0.36189924724956574
186,2165,1730,29,0.016763,0.045455,0.112403,26,258,21,415,0.191223,64.0,64.0,19200.0,19200.0,9.107692,0.142308,0.857692,0.375,16.0,0.000833,19136.0,512.0,10.0,0.625,300.0,1.0,1.0,0.09732,1,0.12,0,0.073745,0.098797,0.702841,0.970779,50.969697,1.414214,allow,5,0.002890173410404624,535,0.3092485549132948,562,0.3248554913294798,628,0.3630057803468208
187,2166,1736,25,0.014401,0.03882,0.093284,19,268,25,424,0.167702,62.0,62.0,18600.0,18600.0,8.349206,0.134665,0.865335,0.390873,16.0,0.00086,18538.0,512.0,9.746032,0.609127,300.0,1.0,1.0,0.097187,1,0.12,0,0.073373,0.097508,0.69824,0.971198,50.0,1.414214,allow,5,0.002880184331797235,533,0.30702764976958524,563,0.32430875576036866,635,0.36578341013824883
188,2167,1746,26,0.014891,0.040123,0.097015,16,268,22,427,0.17284,56.0,56.0,16800.0,16800.0,7.368421,0.131579,0.868421,0.387061,16.0,0.000952,16744.0,512.0,9.807018,0.612939,300.0,1.0,1.0,0.097067,1,0.12,0,0.074379,0.096462,0.694484,0.97242,48.285714,1.414214,allow,5,0.0028636884306987398,535,0.3064146620847652,568,0.32531500572737687,638,0.3654066437571592
189,2168,1732,14,0.008083,0.021572,0.05303,28,264,20,419,0.186441,64.0,64.0,19200.0,19200.0,10.8,0.16875,0.83125,0.388462,16.0,0.000833,19136.0,512.0,9.784615,0.611538,300.0,1.0,1.0,0.097093,1,0.12,0,0.074192,0.095518,0.691079,0.983834,28.0,1.414214,allow,5,0.002886836027713626,535,0.30889145496535797,565,0.3262124711316397,627,0.36200923787528866
190,2169,1732,18,0.010393,0.02795,0.070039,18,257,23,414,0.201863,71.0,71.0,21300.0,21300.0,12.194444,0.171753,0.828247,0.446181,16.0,0.000751,21229.0,512.0,8.861111,0.553819,300.0,1.0,1.0,0.097147,1,0.12,0,0.073826,0.094952,0.689029,0.979215,36.0,1.414214,allow,4,0.0023094688221709007,541,0.3123556581986143,560,0.3233256351039261,627,0.36200923787528866
191,2170,1742,29,0.016648,0.045312,0.113281,19,256,19,422,0.2,57.0,57.0,17100.0,17100.0,8.896552,0.15608,0.84392,0.358836,16.0,0.000936,17043.0,512.0,10.258621,0.641164,300.0,1.0,1.0,0.09716,1,0.12,0,0.074951,0.09472,0.688184,0.970981,50.969697,1.414214,allow,4,0.002296211251435132,543,0.31171067738231917,562,0.32261768082663606,633,0.36337543053960963
192,2171,1750,23,0.013143,0.035549,0.087786,15,262,27,428,0.190108,68.0,68.0,20400.0,20400.0,8.666667,0.127451,0.872549,0.379529,16.0,0.000784,20332.0,512.0,9.927536,0.620471,300.0,1.0,1.0,0.096973,1,0.12,0,0.075344,0.094312,0.686702,0.975901,42.32,1.414214,allow,4,0.002285714285714286,545,0.31142857142857144,560,0.32,641,0.36628571428571427
193,2172,1756,24,0.013667,0.037441,0.09375,18,256,15,422,0.201248,45.0,45.0,13500.0,13500.0,5.956522,0.132367,0.867633,0.243207,16.0,0.001185,13455.0,512.0,12.108696,0.756793,300.0,1.0,1.0,0.096907,1,0.12,0,0.074769,0.094045,0.685729,0.972665,48.0,1.414214,allow,4,0.002277904328018223,549,0.31264236902050113,556,0.31662870159453305,647,0.3684510250569476
194,2173,1762,28,0.015891,0.04375,0.109804,22,255,20,423,0.203125,53.0,53.0,15900.0,15900.0,5.481481,0.103424,0.896576,0.252315,16.0,0.001006,15847.0,512.0,11.962963,0.747685,300.0,1.0,1.0,0.09688,1,0.12,0,0.073815,0.093469,0.683627,0.970407,52.266667,1.414214,allow,4,0.0022701475595913734,554,0.31441543700340524,565,0.3206583427922815,639,0.3626560726447219
195,2174,1775,36,0.020282,0.057325,0.148148,23,243,18,417,0.226115,53.0,53.0,15900.0,15900.0,7.222222,0.136268,0.863732,0.258102,16.0,0.001006,15847.0,512.0,11.87037,0.741898,300.0,1.0,1.0,0.096813,1,0.12,0,0.074461,0.092829,0.681283,0.961628,68.210526,1.414214,allow,4,0.0022535211267605635,561,0.316056338028169,563,0.3171830985915493,647,0.36450704225352115
196,2175,1777,19,0.010692,0.029968,0.076305,17,249,22,415,0.214511,62.0,62.0,18600.0,18600.0,8.095238,0.130568,0.869432,0.331349,16.0,0.00086,18538.0,512.0,10.698413,0.668651,300.0,1.0,1.0,0.09656,1,0.12,0,0.074311,0.092441,0.679855,0.978616,38.0,1.414214,allow,4,0.0022509848058525606,560,0.31513787281935846,566,0.3185143500281373,647,0.36409679234665165
197,2176,1775,23,0.012958,0.035826,0.090909,25,253,23,417,0.211838,64.0,64.0,19200.0,19200.0,9.230769,0.144231,0.855769,0.373077,16.0,0.000833,19136.0,512.0,10.030769,0.626923,300.0,1.0,1.0,0.09664,1,0.12,0,0.075116,0.092052,0.678426,0.97624,42.32,1.414214,allow,4,0.0022535211267605635,559,0.3149295774647887,563,0.3171830985915493,649,0.3656338028169014
198,2177,1781,20,0.01123,0.031596,0.082305,14,243,28,407,0.232227,79.0,79.0,23700.0,23700.0,11.15,0.141139,0.858861,0.432031,16.0,0.000675,23621.0,512.0,9.0875,0.567969,300.0,1.0,1.0,0.09652,1,0.12,0,0.075416,0.091627,0.676856,0.979674,36.363636,1.414214,allow,4,0.0022459292532285235,561,0.3149915777653004,562,0.3155530600786075,654,0.36720943290286356
199,2178,1781,23,0.012914,0.03645,0.097046,23,237,24,409,0.248811,71.0,71.0,21300.0,21300.0,11.388889,0.160407,0.839593,0.382812,16.0,0.000751,21229.0,512.0,9.875,0.617188,300.0,1.0,1.0,0.09656,1,0.12,0,0.074976,0.091315,0.675704,0.97632,42.32,1.414214,allow,3,0.0016844469399213925,563,0.31611454239191467,559,0.31386861313868614,656,0.36833239752947783
200,2179,1799,32,0.017788,0.0512,0.138528,14,231,19,412,0.2608,60.0,60.0,18000.0,18000.0,9.04918,0.15082,0.84918,0.339139,16.0,0.000889,17940.0,512.0,10.57377,0.660861,300.0,1.0,1.0,0.09644,1,0.12,0,0.075605,0.090936,0.674301,0.973805,48.761905,1.414214,allow,3,0.0016675931072818232,567,0.3151750972762646,568,0.3157309616453585,661,0.3674263479710951
201,2180,1806,32,0.017719,0.051447,0.13913,25,230,21,407,0.26045,63.0,63.0,18900.0,18900.0,9.3125,0.147817,0.852183,0.27832,16.0,0.000847,18837.0,512.0,11.546875,0.72168,300.0,1.0,1.0,0.096347,1,0.12,0,0.076126,0.090568,0.672934,0.968715,56.888889,1.414214,allow,3,0.0016611295681063123,569,0.31506090808416387,569,0.31506090808416387,665,0.3682170542635659
202,2181,1811,19,0.010491,0.030207,0.082969,14,229,25,408,0.27186,79.0,79.0,23700.0,23700.0,15.275,0.193354,0.806646,0.296094,16.0,0.000675,23621.0,512.0,11.2625,0.703906,300.0,1.0,1.0,0.096107,1,0.12,0,0.076008,0.090052,0.671016,0.979017,38.0,1.414214,allow,3,0.0016565433462175593,566,0.3125345113197129,573,0.31639977912755385,669,0.36940916620651576
203,2182,1805,19,0.010526,0.030159,0.083333,25,228,25,409,0.27619,81.0,81.0,24300.0,24300.0,15.853659,0.195724,0.804276,0.362805,16.0,0.000658,24219.0,512.0,10.195122,0.637195,300.0,1.0,1.0,0.096187,1,0.12,0,0.076353,0.089416,0.668641,0.978947,38.0,1.414214,allow,3,0.0016620498614958448,565,0.31301939058171746,573,0.3174515235457064,664,0.36786703601108034
204,2183,1805,17,0.009418,0.026772,0.073593,17,231,22,412,0.272441,78.0,78.0,23400.0,23400.0,15.544304,0.199286,0.800714,0.363924,16.0,0.000684,23322.0,512.0,10.177215,0.636076,300.0,1.0,1.0,0.09616,1,0.12,0,0.077471,0.088928,0.666812,0.981163,34.0,1.414214,allow,4,0.00221606648199446,563,0.31191135734072023,578,0.32022160664819943,660,0.3656509695290859
205,2184,1800,18,0.01,0.028125,0.07563,23,238,20,417,0.25625,68.0,68.0,20400.0,20400.0,13.971014,0.205456,0.794544,0.378623,16.0,0.000784,20332.0,512.0,9.942029,0.621377,300.0,1.0,1.0,0.09624,1,0.12,0,0.078027,0.088204,0.664095,0.983951,29.454545,1.414214,allow,4,0.0022222222222222222,558,0.31,578,0.3211111111111111,660,0.36666666666666664
206,2185,1800,23,0.012778,0.035439,0.093878,23,245,21,418,0.244992,74.0,74.0,22200.0,22200.0,14.4,0.194595,0.805405,0.374167,16.0,0.000721,22126.0,512.0,10.013333,0.625833,300.0,1.0,1.0,0.096307,1,0.12,0,0.078483,0.087632,0.661936,0.978502,39.185185,1.414214,allow,4,0.0022222222222222222,553,0.30722222222222223,583,0.3238888888888889,660,0.36666666666666664
207,2186,1806,24,0.013289,0.037441,0.099174,18,242,18,417,0.24493,67.0,67.0,20100.0,20100.0,16.558824,0.247147,0.752853,0.28125,16.0,0.000796,20033.0,512.0,11.5,0.71875,300.0,1.0,1.0,0.09624,1,0.12,0,0.080465,0.087213,0.660353,0.979236,38.4,1.414214,allow,4,0.0022148394241417496,558,0.3089700996677741,586,0.32447397563676633,658,0.3643410852713178
208,2187,1819,28,0.015393,0.044025,0.116667,15,240,22,416,0.245283,77.0,77.0,23100.0,23100.0,15.333333,0.199134,0.800866,0.333333,16.0,0.000693,23023.0,512.0,10.666667,0.666667,300.0,1.0,1.0,0.09612,1,0.12,0,0.080656,0.087017,0.65961,0.971334,52.266667,1.414214,allow,4,0.0021990104452996153,562,0.30896096756459596,593,0.32600329851566795,660,0.3628367234744365
209,2188,1817,26,0.014309,0.041139,0.109244,28,238,27,417,0.246835,85.0,85.0,25500.0,25500.0,14.883721,0.175103,0.824897,0.392442,16.0,0.000627,25415.0,512.0,9.72093,0.607558,300.0,1.0,1.0,0.09612,1,0.12,0,0.08036,0.086712,0.658453,0.971381,52.0,1.414214,allow,4,0.002201430930104568,556,0.30599889928453494,594,0.32691249312052834,663,0.3648871766648321
210,2189,1818,22,0.012101,0.034921,0.092827,21,237,23,422,0.247619,76.0,76.0,22800.0,22800.0,16.155844,0.212577,0.787423,0.336039,16.0,0.000702,22724.0,512.0,10.623377,0.663961,300.0,1.0,1.0,0.096053,1,0.12,0,0.080366,0.086103,0.656136,0.977898,40.333333,1.414214,allow,4,0.0022002200220022,561,0.3085808580858086,595,0.3272827282728273,658,0.3619361936193619
211,2190,1809,16,0.008845,0.025437,0.068376,25,234,19,420,0.255962,74.0,74.0,22200.0,22200.0,21.146667,0.285766,0.714234,0.333333,16.0,0.000721,22126.0,512.0,10.666667,0.666667,300.0,1.0,1.0,0.096093,1,0.12,0,0.080404,0.085839,0.65513,0.982311,32.0,1.414214,allow,4,0.002211166390270868,557,0.30790491984521834,591,0.32669983416252074,657,0.36318407960199006
212,2191,1807,21,0.011621,0.032864,0.088608,23,237,21,425,0.258216,82.0,82.0,24600.0,24600.0,17.951807,0.218924,0.781076,0.320783,16.0,0.00065,24518.0,512.0,10.86747,0.679217,300.0,1.0,1.0,0.096187,1,0.12,0,0.081501,0.085629,0.654327,0.976757,42.0,1.414214,allow,4,0.002213613724405091,553,0.3060320973990039,594,0.32872163807415605,656,0.36303265080243496
213,2192,1813,33,0.018202,0.050228,0.132,27,250,26,429,0.238965,87.0,87.0,26100.0,26100.0,17.454545,0.200627,0.799373,0.354403,16.0,0.000613,26013.0,512.0,10.329545,0.645597,300.0,1.0,1.0,0.096267,1,0.12,0,0.08137,0.08498,0.651843,0.963596,66.0,1.414214,allow,4,0.002206287920573635,557,0.30722559293987867,597,0.329288472145615,655,0.3612796469939327
214,2193,1814,23,0.012679,0.035168,0.093117,22,247,20,428,0.244648,71.0,71.0,21300.0,21300.0,15.75,0.221831,0.778169,0.302083,16.0,0.000751,21229.0,512.0,11.166667,0.697917,300.0,1.0,1.0,0.09612,1,0.12,0,0.080788,0.084711,0.650812,0.974642,46.0,1.414214,allow,4,0.002205071664829107,558,0.30760749724366043,597,0.3291069459757442,655,0.36108048511576624
215,2194,1819,29,0.015943,0.044615,0.117886,24,246,20,431,0.243077,69.0,69.0,20700.0,20700.0,14.942857,0.216563,0.783437,0.369643,16.0,0.000773,20631.0,512.0,10.085714,0.630357,300.0,1.0,1.0,0.096133,1,0.12,0,0.081241,0.084371,0.649503,0.970238,54.258065,1.414214,allow,4,0.0021990104452996153,559,0.3073117097306212,602,0.3309510720175921,654,0.3595382078064871
216,2195,1828,28,0.015317,0.043411,0.114286,19,245,23,434,0.24031,69.0,69.0,20700.0,20700.0,12.028571,0.174327,0.825673,0.339286,16.0,0.000773,20631.0,512.0,10.571429,0.660714,300.0,1.0,1.0,0.096,1,0.12,0,0.082769,0.08441,0.649652,0.969365,56.0,1.414214,allow,3,0.0016411378555798686,561,0.3068927789934354,603,0.3298687089715536,661,0.36159737417943105
217,2196,1826,23,0.012596,0.035549,0.09465,25,243,24,437,0.248841,72.0,72.0,21600.0,21600.0,11.753425,0.163242,0.836758,0.40839,16.0,0.000741,21528.0,512.0,9.465753,0.59161,300.0,1.0,1.0,0.09596,1,0.12,0,0.081882,0.083874,0.647587,0.978809,39.185185,1.414214,allow,3,0.0016429353778751369,562,0.307776560788609,601,0.32913472070098576,660,0.3614457831325301
218,2197,1832,30,0.016376,0.045732,0.123457,24,243,22,436,0.259146,78.0,78.0,23400.0,23400.0,14.126582,0.18111,0.81889,0.407437,16.0,0.000684,23322.0,512.0,9.481013,0.592563,300.0,1.0,1.0,0.095973,1,0.12,0,0.082089,0.083572,0.646421,0.973144,50.0,1.414214,allow,3,0.0016375545851528383,560,0.3056768558951965,602,0.32860262008733626,667,0.3640829694323144
219,2198,1839,22,0.011963,0.032984,0.089069,15,247,26,428,0.25937,98.0,98.0,29400.0,29400.0,17.232323,0.17584,0.82416,0.421086,16.0,0.000544,29302.0,512.0,9.262626,0.578914,300.0,1.0,1.0,0.095773,1,0.12,0,0.082151,0.08312,0.64467,0.976074,44.0,1.414214,allow,3,0.0016313213703099511,566,0.30777596519847744,602,0.32735182164219684,668,0.36324089178901575
220,2199,1849,30,0.016225,0.045524,0.120482,20,249,25,431,0.24431,84.0,84.0,25200.0,25200.0,14.023529,0.166947,0.833053,0.406618,16.0,0.000635,25116.0,512.0,9.494118,0.593382,300.0,1.0,1.0,0.095747,1,0.12,0,0.083207,0.082502,0.642269,0.973391,50.0,1.414214,allow,3,0.0016224986479177934,574,0.3104380746349378,602,0.32558139534883723,670,0.3623580313683072
221,2200,1852,29,0.015659,0.043807,0.114173,26,254,26,433,0.232628,80.0,80.0,24000.0,24000.0,14.493827,0.181173,0.818827,0.344907,16.0,0.000667,23920.0,512.0,10.481481,0.655093,300.0,1.0,1.0,0.095693,1,0.12,0,0.083587,0.081814,0.639586,0.974492,48.057143,1.414214,allow,3,0.0016198704103671706,573,0.3093952483801296,606,0.32721382289416845,670,0.3617710583153348
222,2201,1866,28,0.015005,0.042553,0.110672,14,253,24,430,0.231003,76.0,76.0,22800.0,22800.0,11.584416,0.152427,0.847573,0.293019,16.0,0.000702,22724.0,512.0,11.311688,0.706981,300.0,1.0,1.0,0.095493,1,0.12,0,0.083791,0.081725,0.639236,0.972056,52.266667,1.414214,allow,4,0.0021436227224008574,576,0.3086816720257235,613,0.3285101822079314,673,0.36066452304394425
223,2202,1872,26,0.013889,0.039394,0.1,20,260,22,431,0.212121,70.0,70.0,21000.0,21000.0,11.380282,0.162575,0.837425,0.364437,16.0,0.000762,20930.0,512.0,10.169014,0.635563,300.0,1.0,1.0,0.095387,1,0.12,0,0.085053,0.081361,0.637814,0.976167,45.066667,1.414214,allow,4,0.002136752136752137,576,0.3076923076923077,616,0.32905982905982906,676,0.3611111111111111
224,2203,1880,22,0.011702,0.033283,0.086275,14,255,25,428,0.228442,80.0,80.0,24000.0,24000.0,11.925926,0.149074,0.850926,0.376543,16.0,0.000667,23920.0,512.0,9.975309,0.623457,300.0,1.0,1.0,0.095227,1,0.12,0,0.084365,0.081245,0.637357,0.976596,44.0,1.414214,allow,4,0.002127659574468085,581,0.3090425531914894,617,0.3281914893617021,678,0.3606382978723404
225,2204,1876,22,0.011727,0.033691,0.089069,26,247,22,425,0.243492,77.0,77.0,23100.0,23100.0,11.461538,0.148851,0.851149,0.358173,16.0,0.000693,23023.0,512.0,10.269231,0.641827,300.0,1.0,1.0,0.09528,1,0.12,0,0.084335,0.080474,0.634326,0.976546,44.0,1.414214,allow,4,0.0021321961620469083,578,0.30810234541577824,617,0.3288912579957356,677,0.36087420042643925
226,2205,1885,32,0.016976,0.04812,0.128,23,250,23,427,0.24812,80.0,80.0,24000.0,24000.0,12.814815,0.160185,0.839815,0.324074,16.0,0.000667,23920.0,512.0,10.814815,0.675926,300.0,1.0,1.0,0.095293,1,0.12,0,0.084768,0.080016,0.632518,0.971817,53.894737,1.414214,allow,4,0.002122015915119363,581,0.30822281167108756,614,0.3257294429708223,686,0.3639257294429708
227,2206,1892,26,0.013742,0.038806,0.102362,19,254,23,432,0.241791,77.0,77.0,23100.0,23100.0,12.948718,0.168165,0.831835,0.362981,16.0,0.000693,23023.0,512.0,10.192308,0.637019,300.0,1.0,1.0,0.09512,1,0.12,0,0.08536,0.079817,0.631732,0.978127,42.25,1.414214,allow,4,0.0021141649048625794,580,0.30655391120507397,621,0.32822410147991543,687,0.363107822410148
228,2207,1897,34,0.017923,0.050898,0.134921,29,252,22,435,0.245509,77.0,77.0,23100.0,23100.0,12.230769,0.158841,0.841159,0.333333,16.0,0.000693,23023.0,512.0,10.666667,0.666667,300.0,1.0,1.0,0.09516,1,0.12,0,0.086548,0.079064,0.628743,0.969922,57.8,1.414214,allow,4,0.0021085925144965737,573,0.30205587770163417,625,0.3294675803900896,695,0.36636794939377965
229,2208,1904,24,0.012605,0.036199,0.094488,17,254,24,432,0.233786,76.0,76.0,22800.0,22800.0,11.506494,0.151401,0.848599,0.377435,16.0,0.000702,22724.0,512.0,9.961039,0.622565,300.0,1.0,1.0,0.094933,1,0.12,0,0.086628,0.078603,0.626908,0.976803,44.307692,1.414214,allow,4,0.0021008403361344537,569,0.29884453781512604,636,0.33403361344537813,695,0.3650210084033613
230,2209,1904,26,0.013655,0.039574,0.105691,26,246,20,426,0.251142,73.0,73.0,21900.0,21900.0,11.594595,0.15883,0.84117,0.358953,16.0,0.000731,21827.0,512.0,10.256757,0.641047,300.0,1.0,1.0,0.09496,1,0.12,0,0.086818,0.078372,0.625988,0.972689,52.0,1.414214,allow,4,0.0021008403361344537,571,0.29989495798319327,632,0.3319327731092437,697,0.36607142857142855
231,2210,1915,30,0.015666,0.044978,0.12,19,250,27,433,0.250375,86.0,86.0,25800.0,25800.0,11.195402,0.130179,0.869821,0.388649,16.0,0.00062,25714.0,512.0,9.781609,0.611351,300.0,1.0,1.0,0.094867,1,0.12,0,0.086911,0.078122,0.624987,0.972567,52.941176,1.414214,allow,4,0.0020887728459530026,574,0.29973890339425585,634,0.33107049608355094,703,0.3671018276762402
232,2211,1911,20,0.010466,0.030257,0.079365,24,252,25,439,0.237519,69.0,69.0,20700.0,20700.0,10.142857,0.146998,0.853002,0.349107,16.0,0.000773,20631.0,512.0,10.414286,0.650893,300.0,1.0,1.0,0.094787,1,0.12,0,0.088491,0.07796,0.62434,0.979069,40.0,1.414214,allow,4,0.0020931449502878076,576,0.30141287284144425,633,0.33124018838304553,698,0.3652537938252224
233,2212,1913,27,0.014114,0.040602,0.108,25,250,19,439,0.24812,65.0,65.0,19500.0,19500.0,11.363636,0.174825,0.825175,0.344697,16.0,0.000821,19435.0,512.0,10.484848,0.655303,300.0,1.0,1.0,0.094853,1,0.12,0,0.088654,0.077448,0.622287,0.973786,50.275862,1.414214,allow,4,0.0020909566126502874,579,0.30266596968112913,629,0.3288029273392577,701,0.36644014636696287
234,2213,1918,26,0.013556,0.038981,0.101961,21,255,25,444,0.235382,72.0,72.0,21600.0,21600.0,10.082192,0.14003,0.85997,0.349315,16.0,0.000741,21528.0,512.0,10.410959,0.650685,300.0,1.0,1.0,0.094773,1,0.12,0,0.088798,0.077158,0.621119,0.976739,45.066667,1.414214,allow,3,0.0015641293013555788,584,0.3044838373305527,633,0.3300312825860271,698,0.36392075078206465
235,2214,1921,26,0.013535,0.038462,0.101167,23,257,20,445,0.239645,67.0,67.0,20100.0,20100.0,12.294118,0.183494,0.816506,0.367647,16.0,0.000796,20033.0,512.0,10.117647,0.632353,300.0,1.0,1.0,0.094733,1,0.12,0,0.089567,0.076745,0.619456,0.972931,52.0,1.414214,allow,3,0.0015616866215512754,587,0.3055700156168662,639,0.33263925039042164,692,0.36022904737116085
236,2215,1914,23,0.012017,0.03343,0.087452,30,263,24,449,0.235465,77.0,77.0,23100.0,23100.0,13.692308,0.177822,0.822178,0.407051,16.0,0.000693,23023.0,512.0,9.487179,0.592949,300.0,1.0,1.0,0.094787,1,0.12,0,0.090223,0.076366,0.617924,0.977966,42.32,1.414214,allow,3,0.001567398119122257,591,0.30877742946708464,637,0.3328108672936259,683,0.3568443051201672
237,2216,1906,25,0.013116,0.036711,0.096525,33,259,22,446,0.239354,73.0,73.0,21900.0,21900.0,12.459459,0.170678,0.829322,0.38598,16.0,0.000731,21827.0,512.0,9.824324,0.61402,300.0,1.0,1.0,0.09492,1,0.12,0,0.090445,0.076042,0.616611,0.975782,46.296296,1.414214,allow,3,0.0015739769150052466,587,0.3079748163693599,640,0.3357817418677859,676,0.3546694648478489
238,2217,1902,21,0.011041,0.030523,0.081395,25,258,25,439,0.25,90.0,90.0,27000.0,27000.0,16.021978,0.178022,0.821978,0.428571,16.0,0.000593,26910.0,512.0,9.142857,0.571429,300.0,1.0,1.0,0.09492,1,0.12,0,0.089901,0.076189,0.617209,0.979921,38.347826,1.414214,allow,3,0.0015772870662460567,586,0.30809674027339645,645,0.3391167192429022,668,0.3512092534174553
239,2218,1914,34,0.017764,0.049062,0.128302,22,265,25,446,0.235209,87.0,87.0,26100.0,26100.0,17.681818,0.203239,0.796761,0.446023,16.0,0.000613,26013.0,512.0,8.863636,0.553977,300.0,1.0,1.0,0.094933,1,0.12,0,0.088981,0.075515,0.614471,0.970189,57.8,1.414214,allow,3,0.001567398119122257,590,0.30825496342737724,646,0.3375130616509927,675,0.35266457680250785
240,2219,1919,25,0.013028,0.036075,0.095057,20,263,21,447,0.240981,82.0,82.0,24600.0,24600.0,15.325301,0.186894,0.813106,0.438253,16.0,0.00065,24518.0,512.0,8.987952,0.561747,300.0,1.0,1.0,0.094747,1,0.12,0,0.090012,0.075297,0.613585,0.975946,46.296296,1.414214,allow,3,0.001563314226159458,589,0.3069306930693069,647,0.3371547681083898,680,0.3543512245961438
