experiment,variant,label,seed,start_population,peak_population,peak_year,final_population,final_ratio,min_ratio,half_population_year,late_unmatched_mean,late_births_per_eligible_mean,late_selected_actionable_mean,late_phantom_share_mean,late_visibility_action_gap_mean,late_action_coverage_mean,late_candidate_pool_multiplier_mean,late_mean_selection_quota,condition,selection_mode,top_k,selectivity_mean,max_candidate_pool_multiplier,action_radius,protected_slots,reserve_fraction,learning,final_mean_region_reserve,final_max_region_reserve
a_radius_alone,local_visible_local_action,"Local visibility, local action",0,1221.0,1532.0,2038,1400.0,1.1466011466011465,0.9983619983619983,,0.18655280000000005,0.03493553333333333,0.9733499000000001,0.0,0.0,0.1333948666666667,1.0,5.507854133333334,radius_aligned,,,,,,,,,,
a_radius_alone,local_visible_local_action,"Local visibility, local action",1,1220.0,1465.0,2025,1264.0,1.0360655737704918,1.0,,0.2289442333333333,0.03290696666666666,0.9584550000000001,0.0,0.0,0.1281701,1.0,4.769084200000001,radius_aligned,,,,,,,,,,
a_radius_alone,local_visible_local_action,"Local visibility, local action",2,1216.0,1572.0,2053,1195.0,0.9827302631578947,0.9827302631578947,,0.22345023333333333,0.034121066666666665,0.9490403333333333,0.0,0.0,0.1290915333333333,1.0,4.441630933333333,radius_aligned,,,,,,,,,,
a_radius_alone,global_visible_global_action,"Global visibility, global action",0,1225.0,1338.0,2008,907.0,0.7404081632653061,0.7053061224489796,,0.32497903333333333,0.03825996666666666,1.0,0.0,0.0,1.0,1.0,16.0,radius_aligned_global,,,,,,,,,,
a_radius_alone,global_visible_global_action,"Global visibility, global action",1,1220.0,1314.0,2005,906.0,0.7426229508196721,0.7377049180327869,,0.2897835666666666,0.035703200000000004,1.0,0.0,0.0,1.0,1.0,16.0,radius_aligned_global,,,,,,,,,,
a_radius_alone,global_visible_global_action,"Global visibility, global action",2,1217.0,1312.0,2003,969.0,0.7962202136400987,0.7962202136400987,,0.3269623000000001,0.031066166666666672,1.0,0.0,0.0,1.0,1.0,16.0,radius_aligned_global,,,,,,,,,,
a_radius_alone,global_visible_local_action_no_phantom,"Global visibility, local action, no phantom",0,1220.0,1248.0,1990,360.0,0.29508196721311475,0.29508196721311475,2056.0,0.4300451666666668,0.03443436666666667,0.19318826666666666,0.0,0.7643552666666668,0.23564473333333336,1.0,13.1,action_gap_only,,,,,,,,,,
a_radius_alone,global_visible_local_action_no_phantom,"Global visibility, local action, no phantom",1,1220.0,1257.0,1985,506.0,0.41475409836065574,0.32459016393442625,2051.0,0.47936436666666665,0.028340200000000003,0.10225776666666668,0.0,0.8527106666666667,0.1472893333333333,1.0,16.0,action_gap_only,,,,,,,,,,
a_radius_alone,global_visible_local_action_no_phantom,"Global visibility, local action, no phantom",2,1216.0,1252.0,1992,281.0,0.23108552631578946,0.23108552631578946,2050.0,0.5229183666666667,0.029670099999999998,0.10126233333333333,0.0,0.8416608,0.15833920000000004,1.0,13.8,action_gap_only,,,,,,,,,,
a_radius_alone,full_sns_phantom,Full SNS shock with phantom,0,1221.0,1410.0,2010,0.0,0.0,0.0,2059.0,0.0,0.0,0.0,0.0,0.0,0.0,300.0,0.0,full_mechanism,,,,,,,,,,
a_radius_alone,full_sns_phantom,Full SNS shock with phantom,1,1219.0,1361.0,2005,0.0,0.0,0.0,2055.0,0.0,0.0,0.0,0.0,0.0,0.0,300.0,0.0,full_mechanism,,,,,,,,,,
a_radius_alone,full_sns_phantom,Full SNS shock with phantom,2,1218.0,1375.0,2010,0.0,0.0,0.0,2059.0,0.0,0.0,0.0,0.0,0.0,0.0,300.0,0.0,full_mechanism,,,,,,,,,,
b_selection_mode,top_k_8,Top-k 8,0,1221.0,1406.0,2010,0.0,0.0,0.0,2059.0,0.0,0.0,0.0,0.0,0.0,0.0,300.0,0.0,,top-k,8.0,,,,,,,,
b_selection_mode,top_k_8,Top-k 8,1,1219.0,1363.0,2005,0.0,0.0,0.0,2055.0,0.0,0.0,0.0,0.0,0.0,0.0,300.0,0.0,,top-k,8.0,,,,,,,,
b_selection_mode,top_k_8,Top-k 8,2,1218.0,1365.0,2004,0.0,0.0,0.0,2058.0,0.0,0.0,0.0,0.0,0.0,0.0,300.0,0.0,,top-k,8.0,,,,,,,,
b_selection_mode,top_k_16,Top-k 16,0,1221.0,1410.0,2010,0.0,0.0,0.0,2059.0,0.0,0.0,0.0,0.0,0.0,0.0,300.0,0.0,,top-k,16.0,,,,,,,,
b_selection_mode,top_k_16,Top-k 16,1,1219.0,1361.0,2005,0.0,0.0,0.0,2055.0,0.0,0.0,0.0,0.0,0.0,0.0,300.0,0.0,,top-k,16.0,,,,,,,,
b_selection_mode,top_k_16,Top-k 16,2,1218.0,1375.0,2010,0.0,0.0,0.0,2059.0,0.0,0.0,0.0,0.0,0.0,0.0,300.0,0.0,,top-k,16.0,,,,,,,,
b_selection_mode,top_k_32,Top-k 32,0,1221.0,1413.0,2010,0.0,0.0,0.0,2059.0,0.0,0.0,0.0,0.0,0.0,0.0,300.0,0.0,,top-k,32.0,,,,,,,,
b_selection_mode,top_k_32,Top-k 32,1,1219.0,1361.0,2005,0.0,0.0,0.0,2056.0,0.0,0.0,0.0,0.0,0.0,0.0,300.0,0.0,,top-k,32.0,,,,,,,,
b_selection_mode,top_k_32,Top-k 32,2,1218.0,1372.0,2010,0.0,0.0,0.0,2059.0,0.0,0.0,0.0,0.0,0.0,0.0,300.0,0.0,,top-k,32.0,,,,,,,,
b_selection_mode,percentile_0_02,Percentile 0.02,0,1221.0,1362.0,2008,0.0,0.0,0.0,2054.0,0.0,0.0,0.0,0.0,0.0,0.0,300.0,0.0,,percentile,,0.02,,,,,,,
b_selection_mode,percentile_0_02,Percentile 0.02,1,1219.0,1349.0,2005,0.0,0.0,0.0,2052.0,0.0,0.0,0.0,0.0,0.0,0.0,300.0,0.0,,percentile,,0.02,,,,,,,
b_selection_mode,percentile_0_02,Percentile 0.02,2,1218.0,1366.0,2004,0.0,0.0,0.0,2055.0,0.0,0.0,0.0,0.0,0.0,0.0,300.0,0.0,,percentile,,0.02,,,,,,,
b_selection_mode,percentile_0_08,Percentile 0.08,0,1221.0,1362.0,2008,1.0,0.000819000819000819,0.000819000819000819,2057.0,0.0,0.0,0.0,0.0,0.0,0.0,300.0,0.0,,percentile,,0.08,,,,,,,
b_selection_mode,percentile_0_08,Percentile 0.08,1,1219.0,1349.0,2005,2.0,0.0016406890894175555,0.0016406890894175555,2054.0,0.0,0.0,0.0,0.0,0.0,0.0,300.0,0.0,,percentile,,0.08,,,,,,,
b_selection_mode,percentile_0_08,Percentile 0.08,2,1218.0,1366.0,2004,8.0,0.006568144499178982,0.006568144499178982,2058.0,0.9366666666666668,0.006666666666666667,0.010144866666666669,0.6792642,0.26666666666666666,0.43333333333333335,300.0,17.105555566666666,,percentile,,0.08,,,,,,,
b_selection_mode,percentile_0_18,Percentile 0.18,0,1221.0,1365.0,2008,33.0,0.02702702702702703,0.02702702702702703,2065.0,0.8890072,0.006451366666666667,0.010591666666666666,0.9701443333333335,0.42527676666666664,0.5747232333333334,300.0,87.78443453333333,,percentile,,0.18,,,,,,,
b_selection_mode,percentile_0_18,Percentile 0.18,1,1219.0,1346.0,2005,38.0,0.031173092698933553,0.031173092698933553,2062.0,0.631688,0.02082736666666667,0.0037713666666666667,0.9854464333333333,0.42260226666666667,0.5773977333333333,300.0,91.84593629999999,,percentile,,0.18,,,,,,,
b_selection_mode,percentile_0_18,Percentile 0.18,2,1218.0,1368.0,2004,130.0,0.10673234811165845,0.10673234811165845,2066.0,0.5082018333333332,0.03020876666666667,0.012701266666666667,0.9233794,0.7749374,0.22506260000000006,300.0,96.89233453333334,,percentile,,0.18,,,,,,,
c_candidate_multiplier,multiplier_1x,1x perceived pool,0,1221.0,1430.0,2012,435.0,0.35626535626535627,0.24651924651924653,2072.0,0.20535326666666665,0.045913100000000005,0.1751811,0.0,0.8253405,0.17465950000000005,1.0,14.033333333333333,,,,,1.0,,,,,,
c_candidate_multiplier,multiplier_1x,1x perceived pool,1,1219.0,1361.0,2005,522.0,0.42821985233798193,0.39950779327317476,2078.0,0.4713515999999999,0.03439333333333334,0.12559106666666667,0.0,0.8424636333333333,0.15753636666666668,1.0,16.0,,,,,1.0,,,,,,
c_candidate_multiplier,multiplier_1x,1x perceived pool,2,1218.0,1384.0,2010,438.0,0.35960591133004927,0.33579638752052543,2077.0,0.3864171333333334,0.03437423333333334,0.12456099999999999,0.0,0.8041508333333333,0.19584916666666669,1.0,16.0,,,,,1.0,,,,,,
c_candidate_multiplier,multiplier_10x,10x perceived pool,0,1221.0,1414.0,2010,0.0,0.0,0.0,2060.0,0.0,0.0,0.0,0.0,0.0,0.0,10.0,0.0,,,,,10.0,,,,,,
c_candidate_multiplier,multiplier_10x,10x perceived pool,1,1219.0,1361.0,2005,0.0,0.0,0.0,2056.0,0.0,0.0,0.0,0.0,0.0,0.0,10.0,0.0,,,,,10.0,,,,,,
c_candidate_multiplier,multiplier_10x,10x perceived pool,2,1218.0,1374.0,2010,0.0,0.0,0.0,2059.0,0.0,0.0,0.0,0.0,0.0,0.0,10.0,0.0,,,,,10.0,,,,,,
c_candidate_multiplier,multiplier_30x,30x perceived pool,0,1221.0,1411.0,2010,0.0,0.0,0.0,2059.0,0.0,0.0,0.0,0.0,0.0,0.0,30.0,0.0,,,,,30.0,,,,,,
c_candidate_multiplier,multiplier_30x,30x perceived pool,1,1219.0,1361.0,2005,1.0,0.0008203445447087777,0.0008203445447087777,2056.0,0.0,0.0,0.0,0.0,0.0,0.0,30.0,0.0,,,,,30.0,,,,,,
c_candidate_multiplier,multiplier_30x,30x perceived pool,2,1218.0,1370.0,2010,0.0,0.0,0.0,2059.0,0.0,0.0,0.0,0.0,0.0,0.0,30.0,0.0,,,,,30.0,,,,,,
c_candidate_multiplier,multiplier_100x,100x perceived pool,0,1221.0,1410.0,2010,0.0,0.0,0.0,2059.0,0.0,0.0,0.0,0.0,0.0,0.0,100.0,0.0,,,,,100.0,,,,,,
c_candidate_multiplier,multiplier_100x,100x perceived pool,1,1219.0,1361.0,2005,0.0,0.0,0.0,2056.0,0.0,0.0,0.0,0.0,0.0,0.0,100.0,0.0,,,,,100.0,,,,,,
c_candidate_multiplier,multiplier_100x,100x perceived pool,2,1218.0,1375.0,2010,0.0,0.0,0.0,2059.0,0.0,0.0,0.0,0.0,0.0,0.0,100.0,0.0,,,,,100.0,,,,,,
c_candidate_multiplier,multiplier_300x,300x perceived pool,0,1221.0,1410.0,2010,0.0,0.0,0.0,2059.0,0.0,0.0,0.0,0.0,0.0,0.0,300.0,0.0,,,,,300.0,,,,,,
c_candidate_multiplier,multiplier_300x,300x perceived pool,1,1219.0,1361.0,2005,0.0,0.0,0.0,2055.0,0.0,0.0,0.0,0.0,0.0,0.0,300.0,0.0,,,,,300.0,,,,,,
c_candidate_multiplier,multiplier_300x,300x perceived pool,2,1218.0,1375.0,2010,0.0,0.0,0.0,2059.0,0.0,0.0,0.0,0.0,0.0,0.0,300.0,0.0,,,,,300.0,,,,,,
c_candidate_multiplier,multiplier_1000x,1000x perceived pool,0,1221.0,1409.0,2010,0.0,0.0,0.0,2059.0,0.0,0.0,0.0,0.0,0.0,0.0,1000.0,0.0,,,,,1000.0,,,,,,
c_candidate_multiplier,multiplier_1000x,1000x perceived pool,1,1219.0,1361.0,2005,0.0,0.0,0.0,2055.0,0.0,0.0,0.0,0.0,0.0,0.0,1000.0,0.0,,,,,1000.0,,,,,,
c_candidate_multiplier,multiplier_1000x,1000x perceived pool,2,1218.0,1369.0,2010,0.0,0.0,0.0,2058.0,0.0,0.0,0.0,0.0,0.0,0.0,1000.0,0.0,,,,,1000.0,,,,,,
d_actionability_gap,action_radius_0_030,"Global visibility, action radius 0.03",0,1221.0,1371.0,2008,0.0,0.0,0.0,2054.0,0.0,0.0,0.0,0.0,0.0,0.0,300.0,0.0,,,,,,0.03,,,,,
d_actionability_gap,action_radius_0_030,"Global visibility, action radius 0.03",1,1220.0,1363.0,2005,0.0,0.0,0.0,2054.0,0.0,0.0,0.0,0.0,0.0,0.0,300.0,0.0,,,,,,0.03,,,,,
d_actionability_gap,action_radius_0_030,"Global visibility, action radius 0.03",2,1217.0,1356.0,2003,0.0,0.0,0.0,2055.0,0.0,0.0,0.0,0.0,0.0,0.0,300.0,0.0,,,,,,0.03,,,,,
d_actionability_gap,action_radius_0_060,"Global visibility, action radius 0.06",0,1221.0,1412.0,2010,0.0,0.0,0.0,2059.0,0.0,0.0,0.0,0.0,0.0,0.0,300.0,0.0,,,,,,0.06,,,,,
d_actionability_gap,action_radius_0_060,"Global visibility, action radius 0.06",1,1219.0,1366.0,2005,0.0,0.0,0.0,2056.0,0.0,0.0,0.0,0.0,0.0,0.0,300.0,0.0,,,,,,0.06,,,,,
d_actionability_gap,action_radius_0_060,"Global visibility, action radius 0.06",2,1217.0,1354.0,2004,0.0,0.0,0.0,2057.0,0.0,0.0,0.0,0.0,0.0,0.0,300.0,0.0,,,,,,0.06,,,,,
d_actionability_gap,action_radius_0_120,"Global visibility, action radius 0.12",0,1221.0,1410.0,2010,0.0,0.0,0.0,2059.0,0.0,0.0,0.0,0.0,0.0,0.0,300.0,0.0,,,,,,0.12,,,,,
d_actionability_gap,action_radius_0_120,"Global visibility, action radius 0.12",1,1219.0,1361.0,2005,0.0,0.0,0.0,2055.0,0.0,0.0,0.0,0.0,0.0,0.0,300.0,0.0,,,,,,0.12,,,,,
d_actionability_gap,action_radius_0_120,"Global visibility, action radius 0.12",2,1218.0,1375.0,2010,0.0,0.0,0.0,2059.0,0.0,0.0,0.0,0.0,0.0,0.0,300.0,0.0,,,,,,0.12,,,,,
d_actionability_gap,action_radius_0_240,"Global visibility, action radius 0.24",0,1220.0,1393.0,2010,0.0,0.0,0.0,2058.0,0.0,0.0,0.0,0.0,0.0,0.0,300.0,0.0,,,,,,0.24,,,,,
d_actionability_gap,action_radius_0_240,"Global visibility, action radius 0.24",1,1220.0,1369.0,2005,0.0,0.0,0.0,2056.0,0.0,0.0,0.0,0.0,0.0,0.0,300.0,0.0,,,,,,0.24,,,,,
d_actionability_gap,action_radius_0_240,"Global visibility, action radius 0.24",2,1218.0,1365.0,2010,0.0,0.0,0.0,2058.0,0.0,0.0,0.0,0.0,0.0,0.0,300.0,0.0,,,,,,0.24,,,,,
d_actionability_gap,action_radius_0_480,"Global visibility, action radius 0.48",0,1220.0,1413.0,2010,0.0,0.0,0.0,2059.0,0.0,0.0,0.0,0.0,0.0,0.0,300.0,0.0,,,,,,0.48,,,,,
d_actionability_gap,action_radius_0_480,"Global visibility, action radius 0.48",1,1220.0,1373.0,2005,0.0,0.0,0.0,2057.0,0.0,0.0,0.0,0.0,0.0,0.0,300.0,0.0,,,,,,0.48,,,,,
d_actionability_gap,action_radius_0_480,"Global visibility, action radius 0.48",2,1216.0,1352.0,2010,0.0,0.0,0.0,2057.0,0.0,0.0,0.0,0.0,0.0,0.0,300.0,0.0,,,,,,0.48,,,,,
d_actionability_gap,action_radius_1_414,"Global visibility, action radius global",0,1224.0,1394.0,2010,0.0,0.0,0.0,2059.0,0.0,0.0,0.0,0.0,0.0,0.0,300.0,0.0,,,,,,1.4142135623730951,,,,,
d_actionability_gap,action_radius_1_414,"Global visibility, action radius global",1,1220.0,1361.0,2005,0.0,0.0,0.0,2056.0,0.0,0.0,0.0,0.0,0.0,0.0,300.0,0.0,,,,,,1.4142135623730951,,,,,
d_actionability_gap,action_radius_1_414,"Global visibility, action radius global",2,1216.0,1350.0,2010,1.0,0.0008223684210526315,0.0008223684210526315,2058.0,0.26666666666666666,0.0,0.0,0.0,0.0,0.0,300.0,0.0,,,,,,1.4142135623730951,,,,,
e_reserve_threshold_robustness,topk_8_slots_0,"top-k 8, protected slots 0",0,1221.0,1406.0,2010,0.0,0.0,0.0,2059.0,0.0,0.0,0.0,0.0,0.0,0.0,300.0,0.0,,,8.0,,,,0.0,0.0,,,
e_reserve_threshold_robustness,topk_8_slots_0,"top-k 8, protected slots 0",1,1219.0,1363.0,2005,0.0,0.0,0.0,2055.0,0.0,0.0,0.0,0.0,0.0,0.0,300.0,0.0,,,8.0,,,,0.0,0.0,,,
e_reserve_threshold_robustness,topk_8_slots_0,"top-k 8, protected slots 0",2,1218.0,1365.0,2004,0.0,0.0,0.0,2058.0,0.0,0.0,0.0,0.0,0.0,0.0,300.0,0.0,,,8.0,,,,0.0,0.0,,,
e_reserve_threshold_robustness,topk_8_slots_1,"top-k 8, protected slots 1",0,1221.0,1409.0,2010,112.0,0.09172809172809172,0.09172809172809172,2066.0,0.37253716666666675,0.03649673333333334,0.0824318,0.9175682,0.7628759333333333,0.23712406666666663,300.0,8.0,,,8.0,,,,1.0,0.125,,,
e_reserve_threshold_robustness,topk_8_slots_1,"top-k 8, protected slots 1",1,1219.0,1363.0,2005,93.0,0.07629204265791632,0.07136997538966366,2065.0,0.3401856,0.0467362,0.05151770000000001,0.9484823,0.8881506666666666,0.11184933333333333,300.0,8.0,,,8.0,,,,1.0,0.125,,,
e_reserve_threshold_robustness,topk_8_slots_1,"top-k 8, protected slots 1",2,1218.0,1375.0,2010,114.0,0.09359605911330049,0.09195402298850575,2068.0,0.2679463666666667,0.043555266666666655,0.05957336666666667,0.9404266333333332,0.8441992000000001,0.1558008,300.0,8.0,,,8.0,,,,1.0,0.125,,,
e_reserve_threshold_robustness,topk_8_slots_2,"top-k 8, protected slots 2",0,1221.0,1425.0,2012,865.0,0.7084357084357085,0.6445536445536445,,0.3041253333333333,0.03848926666666666,0.24381730000000001,0.7561827,0.8688349666666665,0.13116503333333332,300.0,8.0,,,8.0,,,,2.0,0.25,,,
e_reserve_threshold_robustness,topk_8_slots_2,"top-k 8, protected slots 2",1,1219.0,1363.0,2005,857.0,0.7030352748154225,0.7013945857260049,,0.3261259666666667,0.03356156666666667,0.2443853,0.7556147000000001,0.8519354,0.1480646,300.0,8.0,,,8.0,,,,2.0,0.25,,,
e_reserve_threshold_robustness,topk_8_slots_2,"top-k 8, protected slots 2",2,1218.0,1374.0,2010,896.0,0.735632183908046,0.729064039408867,,0.3076927333333333,0.03207536666666667,0.24245513333333332,0.7575448666666665,0.8388215,0.16117850000000003,300.0,8.0,,,8.0,,,,2.0,0.25,,,
e_reserve_threshold_robustness,topk_8_slots_4,"top-k 8, protected slots 4",0,1221.0,1448.0,2017,1211.0,0.9918099918099919,0.9336609336609336,,0.24200053333333335,0.034868833333333335,0.45788300000000004,0.542117,0.8325778333333334,0.16742216666666662,300.0,8.0,,,8.0,,,,4.0,0.5,,,
e_reserve_threshold_robustness,topk_8_slots_4,"top-k 8, protected slots 4",1,1219.0,1361.0,2005,1121.0,0.9196062346185397,0.9064807219031994,,0.2646080333333333,0.033421933333333334,0.4487876333333333,0.5512123666666666,0.8303733333333334,0.16962666666666665,300.0,8.0,,,8.0,,,,4.0,0.5,,,
e_reserve_threshold_robustness,topk_8_slots_4,"top-k 8, protected slots 4",2,1218.0,1405.0,2018,1197.0,0.9827586206896551,0.9802955665024631,,0.2529326333333334,0.03167093333333333,0.42186043333333334,0.5781395666666665,0.8804416666666667,0.11955833333333331,300.0,8.0,,,8.0,,,,4.0,0.5,,,
e_reserve_threshold_robustness,topk_8_slots_8,"top-k 8, protected slots 8",0,1221.0,1442.0,2017,1385.0,1.1343161343161343,0.9934479934479934,,0.19764656666666666,0.03534006666666666,0.6113810999999998,0.3886189,0.8747602,0.1252398,300.0,8.0,,,8.0,,,,8.0,1.0,,,
e_reserve_threshold_robustness,topk_8_slots_8,"top-k 8, protected slots 8",1,1219.0,1375.0,2021,1272.0,1.0434782608695652,1.0,,0.1979449333333333,0.033645266666666666,0.5560792333333333,0.4439207666666667,0.8814615333333333,0.11853846666666665,300.0,8.0,,,8.0,,,,8.0,1.0,,,
e_reserve_threshold_robustness,topk_8_slots_8,"top-k 8, protected slots 8",2,1218.0,1410.0,2032,1210.0,0.993431855500821,0.9893267651888341,,0.22044366666666668,0.035237433333333325,0.5700822999999999,0.42991769999999996,0.8624379333333334,0.13756206666666668,300.0,8.0,,,8.0,,,,8.0,1.0,,,
e_reserve_threshold_robustness,topk_16_slots_0,"top-k 16, protected slots 0",0,1221.0,1410.0,2010,0.0,0.0,0.0,2059.0,0.0,0.0,0.0,0.0,0.0,0.0,300.0,0.0,,,16.0,,,,0.0,0.0,,,
e_reserve_threshold_robustness,topk_16_slots_0,"top-k 16, protected slots 0",1,1219.0,1361.0,2005,0.0,0.0,0.0,2055.0,0.0,0.0,0.0,0.0,0.0,0.0,300.0,0.0,,,16.0,,,,0.0,0.0,,,
e_reserve_threshold_robustness,topk_16_slots_0,"top-k 16, protected slots 0",2,1218.0,1375.0,2010,0.0,0.0,0.0,2059.0,0.0,0.0,0.0,0.0,0.0,0.0,300.0,0.0,,,16.0,,,,0.0,0.0,,,
e_reserve_threshold_robustness,topk_16_slots_1,"top-k 16, protected slots 1",0,1221.0,1410.0,2010,284.0,0.2325962325962326,0.1941031941031941,2068.0,0.36610060000000005,0.03659796666666666,0.058886,0.941114,0.6158320666666667,0.3841679333333334,300.0,16.0,,,16.0,,,,1.0,0.0625,,,
e_reserve_threshold_robustness,topk_16_slots_1,"top-k 16, protected slots 1",1,1219.0,1361.0,2005,222.0,0.18211648892534865,0.14273995077932733,2066.0,0.2988821,0.035565066666666666,0.055448066666666664,0.9445519333333333,0.662753,0.33724699999999996,300.0,16.0,,,16.0,,,,1.0,0.0625,,,
e_reserve_threshold_robustness,topk_16_slots_1,"top-k 16, protected slots 1",2,1218.0,1375.0,2010,313.0,0.2569786535303777,0.24466338259441708,2070.0,0.3719048999999999,0.033524533333333335,0.05874813333333332,0.9412518666666667,0.7298993333333332,0.2701006666666667,300.0,16.0,,,16.0,,,,1.0,0.0625,,,
e_reserve_threshold_robustness,topk_16_slots_2,"top-k 16, protected slots 2",0,1221.0,1428.0,2012,829.0,0.678951678951679,0.6683046683046683,,0.33462839999999994,0.035642700000000006,0.12149633333333336,0.8785036666666667,0.8346440666666666,0.16535593333333332,300.0,16.0,,,16.0,,,,2.0,0.125,,,
e_reserve_threshold_robustness,topk_16_slots_2,"top-k 16, protected slots 2",1,1219.0,1361.0,2005,837.0,0.6866283839212469,0.6866283839212469,,0.38622583333333327,0.029927366666666667,0.12223726666666666,0.8777627333333334,0.8402237333333334,0.1597762666666667,300.0,16.0,,,16.0,,,,2.0,0.125,,,
e_reserve_threshold_robustness,topk_16_slots_2,"top-k 16, protected slots 2",2,1218.0,1382.0,2010,824.0,0.6765188834154351,0.6748768472906403,,0.35330599999999995,0.031114633333333332,0.12197063333333331,0.8780294000000002,0.8524870333333335,0.14751296666666666,300.0,16.0,,,16.0,,,,2.0,0.125,,,
e_reserve_threshold_robustness,topk_16_slots_4,"top-k 16, protected slots 4",0,1221.0,1446.0,2017,1249.0,1.022932022932023,0.9254709254709255,,0.2319474333333333,0.03624993333333333,0.2197774,0.7802225999999999,0.8650261333333332,0.13497386666666664,300.0,16.0,,,16.0,,,,4.0,0.25,,,
e_reserve_threshold_robustness,topk_16_slots_4,"top-k 16, protected slots 4",1,1219.0,1361.0,2005,1209.0,0.9917965545529123,0.9614438063986874,,0.24744123333333334,0.03189306666666667,0.22947356666666668,0.7705264333333334,0.8401635000000002,0.15983650000000002,300.0,16.0,,,16.0,,,,4.0,0.25,,,
e_reserve_threshold_robustness,topk_16_slots_4,"top-k 16, protected slots 4",2,1218.0,1399.0,2023,1186.0,0.9737274220032841,0.9720853858784894,,0.23854479999999997,0.0331748,0.2172071,0.7827929,0.8526056999999999,0.1473943,300.0,16.0,,,16.0,,,,4.0,0.25,,,
e_reserve_threshold_robustness,topk_16_slots_8,"top-k 16, protected slots 8",0,1221.0,1440.0,2017,1325.0,1.0851760851760852,0.9606879606879607,,0.20253646666666664,0.037324133333333336,0.25684296666666667,0.7431570333333333,0.8867366,0.11326340000000003,300.0,16.0,,,16.0,,,,8.0,0.5,,,
e_reserve_threshold_robustness,topk_16_slots_8,"top-k 16, protected slots 8",1,1219.0,1366.0,2016,1237.0,1.014766201804758,0.9958982772764561,,0.21404223333333333,0.0328744,0.30064660000000004,0.6993534000000001,0.8656895333333332,0.13431046666666668,300.0,16.0,,,16.0,,,,8.0,0.5,,,
e_reserve_threshold_robustness,topk_16_slots_8,"top-k 16, protected slots 8",2,1218.0,1415.0,2058,1243.0,1.0205254515599342,1.0,,0.20844640000000003,0.03511683333333333,0.26611273333333335,0.7338872666666666,0.8710128666666666,0.12898713333333334,300.0,16.0,,,16.0,,,,8.0,0.5,,,
e_reserve_threshold_robustness,topk_16_slots_16,"top-k 16, protected slots 16",0,1221.0,1448.0,2017,1365.0,1.117936117936118,0.9778869778869779,,0.19234883333333336,0.035671800000000004,0.3101289666666666,0.6898710333333334,0.8748395333333334,0.12516046666666666,300.0,16.0,,,16.0,,,,16.0,1.0,,,
e_reserve_threshold_robustness,topk_16_slots_16,"top-k 16, protected slots 16",1,1219.0,1380.0,2020,1217.0,0.9983593109105825,0.9975389663658737,,0.20442986666666668,0.033246200000000004,0.29894526666666665,0.7010547333333333,0.8713303,0.1286697,300.0,16.0,,,16.0,,,,16.0,1.0,,,
e_reserve_threshold_robustness,topk_16_slots_16,"top-k 16, protected slots 16",2,1218.0,1408.0,2034,1248.0,1.0246305418719213,1.0,,0.2072459,0.034178966666666664,0.2727058333333333,0.7272941666666667,0.8755174666666666,0.12448253333333334,300.0,16.0,,,16.0,,,,16.0,1.0,,,
e_reserve_threshold_robustness,topk_32_slots_0,"top-k 32, protected slots 0",0,1221.0,1413.0,2010,0.0,0.0,0.0,2059.0,0.0,0.0,0.0,0.0,0.0,0.0,300.0,0.0,,,32.0,,,,0.0,0.0,,,
e_reserve_threshold_robustness,topk_32_slots_0,"top-k 32, protected slots 0",1,1219.0,1361.0,2005,0.0,0.0,0.0,2056.0,0.0,0.0,0.0,0.0,0.0,0.0,300.0,0.0,,,32.0,,,,0.0,0.0,,,
e_reserve_threshold_robustness,topk_32_slots_0,"top-k 32, protected slots 0",2,1218.0,1372.0,2010,0.0,0.0,0.0,2059.0,0.0,0.0,0.0,0.0,0.0,0.0,300.0,0.0,,,32.0,,,,0.0,0.0,,,
e_reserve_threshold_robustness,topk_32_slots_1,"top-k 32, protected slots 1",0,1221.0,1419.0,2012,163.0,0.1334971334971335,0.1334971334971335,2068.0,0.3823278333333333,0.034576199999999994,0.024776266666666658,0.9736042333333335,0.7932520333333333,0.20674796666666667,300.0,32.0,,,32.0,,,,1.0,0.03125,,,
e_reserve_threshold_robustness,topk_32_slots_1,"top-k 32, protected slots 1",1,1219.0,1361.0,2005,166.0,0.1361771944216571,0.13371616078753076,2070.0,0.3399801666666666,0.0425763,0.025342666666666666,0.9403650333333334,0.6436764333333334,0.3229902333333333,300.0,30.933333333333334,,,32.0,,,,1.0,0.03125,,,
e_reserve_threshold_robustness,topk_32_slots_1,"top-k 32, protected slots 1",2,1218.0,1379.0,2010,229.0,0.18801313628899835,0.1839080459770115,2070.0,0.35834013333333326,0.04221616666666667,0.0269023,0.9723422333333333,0.7766426,0.22335739999999998,300.0,32.0,,,32.0,,,,1.0,0.03125,,,
e_reserve_threshold_robustness,topk_32_slots_2,"top-k 32, protected slots 2",0,1221.0,1423.0,2012,844.0,0.6912366912366913,0.6543816543816544,,0.2851009,0.03902136666666667,0.06032173333333333,0.9396357333333331,0.8662789999999999,0.133721,300.0,32.0,,,32.0,,,,2.0,0.0625,,,
e_reserve_threshold_robustness,topk_32_slots_2,"top-k 32, protected slots 2",1,1219.0,1361.0,2005,809.0,0.6636587366694011,0.660377358490566,,0.29984616666666664,0.0335866,0.05908996666666667,0.9408914333333335,0.8518486333333334,0.14815136666666667,300.0,32.0,,,32.0,,,,2.0,0.0625,,,
e_reserve_threshold_robustness,topk_32_slots_2,"top-k 32, protected slots 2",2,1218.0,1380.0,2010,927.0,0.7610837438423645,0.7110016420361248,,0.2960805,0.0367541,0.06110143333333334,0.9388985666666667,0.8784514,0.12154859999999999,300.0,32.0,,,32.0,,,,2.0,0.0625,,,
e_reserve_threshold_robustness,topk_32_slots_4,"top-k 32, protected slots 4",0,1221.0,1440.0,2017,1282.0,1.0499590499590499,0.954954954954955,,0.21547946666666667,0.035794400000000004,0.11081089999999999,0.8891891000000001,0.8745676666666669,0.1254323333333333,300.0,32.0,,,32.0,,,,4.0,0.125,,,
e_reserve_threshold_robustness,topk_32_slots_4,"top-k 32, protected slots 4",1,1219.0,1361.0,2005,1149.0,0.9425758818703855,0.9286300246103364,,0.24226329999999996,0.03472489999999999,0.10655416666666669,0.8934458333333335,0.8610620333333333,0.13893796666666666,300.0,32.0,,,32.0,,,,4.0,0.125,,,
e_reserve_threshold_robustness,topk_32_slots_4,"top-k 32, protected slots 4",2,1218.0,1414.0,2084,1201.0,0.9860426929392446,0.9860426929392446,,0.2346709333333333,0.034609733333333344,0.10336483333333332,0.8966351666666666,0.8692527,0.13074729999999998,300.0,32.0,,,32.0,,,,4.0,0.125,,,
e_reserve_threshold_robustness,topk_32_slots_8,"top-k 32, protected slots 8",0,1221.0,1443.0,2017,1371.0,1.1228501228501229,0.9836199836199836,,0.19459626666666668,0.03518046666666666,0.15629626666666668,0.8437037333333332,0.8656372,0.1343628,300.0,32.0,,,32.0,,,,8.0,0.25,,,
e_reserve_threshold_robustness,topk_32_slots_8,"top-k 32, protected slots 8",1,1219.0,1373.0,2023,1306.0,1.0713699753896637,1.0,,0.22463093333333334,0.033292133333333335,0.15260023333333336,0.8473554333333334,0.8688025333333335,0.13119746666666668,300.0,32.0,,,32.0,,,,8.0,0.25,,,
e_reserve_threshold_robustness,topk_32_slots_8,"top-k 32, protected slots 8",2,1218.0,1415.0,2058,1243.0,1.0205254515599342,1.0,,0.20844640000000003,0.03511683333333333,0.1330564,0.8669436333333336,0.8710128666666666,0.12898713333333334,300.0,32.0,,,32.0,,,,8.0,0.25,,,
e_reserve_threshold_robustness,topk_32_slots_16,"top-k 32, protected slots 16",0,1221.0,1448.0,2017,1365.0,1.117936117936118,0.9778869778869779,,0.19234883333333336,0.035671800000000004,0.15506443333333333,0.8449355666666666,0.8748395333333334,0.12516046666666666,300.0,32.0,,,32.0,,,,16.0,0.5,,,
e_reserve_threshold_robustness,topk_32_slots_16,"top-k 32, protected slots 16",1,1219.0,1380.0,2020,1217.0,0.9983593109105825,0.9975389663658737,,0.20442986666666668,0.033246200000000004,0.1494725,0.8505275,0.8713303,0.1286697,300.0,32.0,,,32.0,,,,16.0,0.5,,,
e_reserve_threshold_robustness,topk_32_slots_16,"top-k 32, protected slots 16",2,1218.0,1408.0,2034,1248.0,1.0246305418719213,1.0,,0.2072459,0.034178966666666664,0.13635283333333334,0.8636471333333333,0.8755174666666666,0.12448253333333334,300.0,32.0,,,32.0,,,,16.0,0.5,,,
e_reserve_threshold_robustness,topk_32_slots_32,"top-k 32, protected slots 32",0,1221.0,1448.0,2017,1365.0,1.117936117936118,0.9778869778869779,,0.19234883333333336,0.035671800000000004,0.15506443333333333,0.8449355666666666,0.8748395333333334,0.12516046666666666,300.0,32.0,,,32.0,,,,32.0,1.0,,,
e_reserve_threshold_robustness,topk_32_slots_32,"top-k 32, protected slots 32",1,1219.0,1380.0,2020,1217.0,0.9983593109105825,0.9975389663658737,,0.20442986666666668,0.033246200000000004,0.1494725,0.8505275,0.8713303,0.1286697,300.0,32.0,,,32.0,,,,32.0,1.0,,,
e_reserve_threshold_robustness,topk_32_slots_32,"top-k 32, protected slots 32",2,1218.0,1408.0,2034,1248.0,1.0246305418719213,1.0,,0.2072459,0.034178966666666664,0.13635283333333334,0.8636471333333333,0.8755174666666666,0.12448253333333334,300.0,32.0,,,32.0,,,,32.0,1.0,,,
e_reserve_threshold_robustness,topk_64_slots_0,"top-k 64, protected slots 0",0,1221.0,1415.0,2009,21.0,0.0171990171990172,0.0171990171990172,2061.0,0.49351913333333336,0.008461533333333333,0.0109933,0.48891986666666665,0.0022222333333333333,0.4977777666666667,300.0,32.0,,,64.0,,,,0.0,0.0,,,
e_reserve_threshold_robustness,topk_64_slots_0,"top-k 64, protected slots 0",1,1219.0,1361.0,2005,50.0,0.04101722723543889,0.03691550451189499,2059.0,0.19633003333333335,0.05012680000000001,0.0134983,0.6198350333333332,0.0,0.6333333333333333,300.0,40.53333333333333,,,64.0,,,,0.0,0.0,,,
e_reserve_threshold_robustness,topk_64_slots_0,"top-k 64, protected slots 0",2,1218.0,1376.0,2010,21.0,0.017241379310344827,0.017241379310344827,2060.0,0.6261113333333335,0.03425926666666667,0.007095633333333335,0.9144246666666667,0.47301603333333336,0.46031729999999993,300.0,59.733333333333334,,,64.0,,,,0.0,0.0,,,
e_reserve_threshold_robustness,topk_64_slots_1,"top-k 64, protected slots 1",0,1221.0,1424.0,2010,169.0,0.13841113841113842,0.1162981162981163,2067.0,0.24387623333333333,0.04458680000000001,0.009167166666666667,0.9860964333333334,0.8585227999999999,0.14147720000000003,300.0,64.0,,,64.0,,,,1.0,0.015625,,,
e_reserve_threshold_robustness,topk_64_slots_1,"top-k 64, protected slots 1",1,1219.0,1361.0,2005,219.0,0.17965545529122232,0.15668580803937654,2069.0,0.3223164333333333,0.04187423333333334,0.013731100000000003,0.9742444000000001,0.756491,0.243509,300.0,64.0,,,64.0,,,,1.0,0.015625,,,
e_reserve_threshold_robustness,topk_64_slots_1,"top-k 64, protected slots 1",2,1218.0,1379.0,2010,340.0,0.2791461412151067,0.26929392446633826,2073.0,0.44142973333333324,0.03271613333333333,0.0152105,0.9814020333333334,0.7524015333333335,0.24759846666666668,300.0,64.0,,,64.0,,,,1.0,0.015625,,,
e_reserve_threshold_robustness,topk_64_slots_2,"top-k 64, protected slots 2",0,1221.0,1426.0,2012,896.0,0.7338247338247338,0.674037674037674,,0.27717049999999993,0.04211463333333333,0.030013,0.9696702666666667,0.8850028666666666,0.11499713333333332,300.0,64.0,,,64.0,,,,2.0,0.03125,,,
e_reserve_threshold_robustness,topk_64_slots_2,"top-k 64, protected slots 2",1,1219.0,1361.0,2005,842.0,0.6907301066447908,0.6874487284659557,,0.34078460000000005,0.03360716666666667,0.0302579,0.9686375666666667,0.8533619333333334,0.14663806666666668,300.0,64.0,,,64.0,,,,2.0,0.03125,,,
e_reserve_threshold_robustness,topk_64_slots_2,"top-k 64, protected slots 2",2,1218.0,1380.0,2010,840.0,0.6896551724137931,0.6789819376026273,,0.34267723333333333,0.03411596666666667,0.0301924,0.9696804666666665,0.8452000333333333,0.1547999666666667,300.0,64.0,,,64.0,,,,2.0,0.03125,,,
e_reserve_threshold_robustness,topk_64_slots_4,"top-k 64, protected slots 4",0,1221.0,1442.0,2017,1254.0,1.027027027027027,0.9213759213759214,,0.23633886666666667,0.03555876666666667,0.055949266666666664,0.9420751333333333,0.8764488666666668,0.12355113333333331,300.0,64.0,,,64.0,,,,4.0,0.0625,,,
e_reserve_threshold_robustness,topk_64_slots_4,"top-k 64, protected slots 4",1,1219.0,1361.0,2005,1159.0,0.9507793273174734,0.9351927809680065,,0.24723810000000002,0.03439693333333333,0.05549923333333333,0.9433357000000002,0.8507689666666666,0.14923103333333332,300.0,64.0,,,64.0,,,,4.0,0.0625,,,
e_reserve_threshold_robustness,topk_64_slots_4,"top-k 64, protected slots 4",2,1218.0,1414.0,2084,1201.0,0.9860426929392446,0.9860426929392446,,0.2346709333333333,0.034609733333333344,0.05168246666666666,0.9482754666666667,0.8692527,0.13074729999999998,300.0,64.0,,,64.0,,,,4.0,0.0625,,,
e_reserve_threshold_robustness,topk_64_slots_8,"top-k 64, protected slots 8",0,1221.0,1443.0,2017,1343.0,1.0999180999181,0.9541359541359541,,0.19741213333333332,0.03668026666666667,0.0758696,0.9234986999999999,0.8718800333333334,0.12811996666666667,300.0,64.0,,,64.0,,,,8.0,0.125,,,
e_reserve_threshold_robustness,topk_64_slots_8,"top-k 64, protected slots 8",1,1219.0,1373.0,2023,1306.0,1.0713699753896637,1.0,,0.22463093333333334,0.033292133333333335,0.07630013333333335,0.9232430666666667,0.8688025333333335,0.13119746666666668,300.0,64.0,,,64.0,,,,8.0,0.125,,,
e_reserve_threshold_robustness,topk_64_slots_8,"top-k 64, protected slots 8",2,1218.0,1415.0,2058,1243.0,1.0205254515599342,1.0,,0.20844640000000003,0.03511683333333333,0.06652806666666665,0.9333555333333334,0.8710128666666666,0.12898713333333334,300.0,64.0,,,64.0,,,,8.0,0.125,,,
e_reserve_threshold_robustness,topk_64_slots_16,"top-k 64, protected slots 16",0,1221.0,1448.0,2017,1365.0,1.117936117936118,0.9778869778869779,,0.19234883333333336,0.035671800000000004,0.0775322,0.9221253666666667,0.8748395333333334,0.12516046666666666,300.0,64.0,,,64.0,,,,16.0,0.25,,,
e_reserve_threshold_robustness,topk_64_slots_16,"top-k 64, protected slots 16",1,1219.0,1380.0,2020,1217.0,0.9983593109105825,0.9975389663658737,,0.20442986666666668,0.033246200000000004,0.07473620000000002,0.9252638,0.8713303,0.1286697,300.0,64.0,,,64.0,,,,16.0,0.25,,,
e_reserve_threshold_robustness,topk_64_slots_16,"top-k 64, protected slots 16",2,1218.0,1408.0,2034,1248.0,1.0246305418719213,1.0,,0.2072459,0.034178966666666664,0.06817636666666667,0.9314890666666665,0.8755174666666666,0.12448253333333334,300.0,64.0,,,64.0,,,,16.0,0.25,,,
e_reserve_threshold_robustness,topk_64_slots_32,"top-k 64, protected slots 32",0,1221.0,1448.0,2017,1365.0,1.117936117936118,0.9778869778869779,,0.19234883333333336,0.035671800000000004,0.0775322,0.9221253666666667,0.8748395333333334,0.12516046666666666,300.0,64.0,,,64.0,,,,32.0,0.5,,,
e_reserve_threshold_robustness,topk_64_slots_32,"top-k 64, protected slots 32",1,1219.0,1380.0,2020,1217.0,0.9983593109105825,0.9975389663658737,,0.20442986666666668,0.033246200000000004,0.07473620000000002,0.9252638,0.8713303,0.1286697,300.0,64.0,,,64.0,,,,32.0,0.5,,,
e_reserve_threshold_robustness,topk_64_slots_32,"top-k 64, protected slots 32",2,1218.0,1408.0,2034,1248.0,1.0246305418719213,1.0,,0.2072459,0.034178966666666664,0.06817636666666667,0.9314890666666665,0.8755174666666666,0.12448253333333334,300.0,64.0,,,64.0,,,,32.0,0.5,,,
f_cultural_overconstraint,reserve_0_0000,Reserve fraction 0.0000,0,1221.0,1410.0,2010,0.0,0.0,0.0,2059.0,0.0,0.0,0.0,0.0,0.0,0.0,300.0,0.0,,,,,,,,0.0,,,
f_cultural_overconstraint,reserve_0_0000,Reserve fraction 0.0000,1,1219.0,1361.0,2005,0.0,0.0,0.0,2055.0,0.0,0.0,0.0,0.0,0.0,0.0,300.0,0.0,,,,,,,,0.0,,,
f_cultural_overconstraint,reserve_0_0000,Reserve fraction 0.0000,2,1218.0,1375.0,2010,0.0,0.0,0.0,2059.0,0.0,0.0,0.0,0.0,0.0,0.0,300.0,0.0,,,,,,,,0.0,,,
f_cultural_overconstraint,reserve_0_0625,Reserve fraction 0.0625,0,1221.0,1410.0,2010,284.0,0.2325962325962326,0.1941031941031941,2068.0,0.36610060000000005,0.03659796666666666,0.058886,0.941114,0.6158320666666667,0.3841679333333334,300.0,16.0,,,,,,,,0.0625,,,
f_cultural_overconstraint,reserve_0_0625,Reserve fraction 0.0625,1,1219.0,1361.0,2005,222.0,0.18211648892534865,0.14273995077932733,2066.0,0.2988821,0.035565066666666666,0.055448066666666664,0.9445519333333333,0.662753,0.33724699999999996,300.0,16.0,,,,,,,,0.0625,,,
f_cultural_overconstraint,reserve_0_0625,Reserve fraction 0.0625,2,1218.0,1375.0,2010,313.0,0.2569786535303777,0.24466338259441708,2070.0,0.3719048999999999,0.033524533333333335,0.05874813333333332,0.9412518666666667,0.7298993333333332,0.2701006666666667,300.0,16.0,,,,,,,,0.0625,,,
f_cultural_overconstraint,reserve_0_1250,Reserve fraction 0.1250,0,1221.0,1428.0,2012,829.0,0.678951678951679,0.6683046683046683,,0.33462839999999994,0.035642700000000006,0.12149633333333336,0.8785036666666667,0.8346440666666666,0.16535593333333332,300.0,16.0,,,,,,,,0.125,,,
f_cultural_overconstraint,reserve_0_1250,Reserve fraction 0.1250,1,1219.0,1361.0,2005,837.0,0.6866283839212469,0.6866283839212469,,0.38622583333333327,0.029927366666666667,0.12223726666666666,0.8777627333333334,0.8402237333333334,0.1597762666666667,300.0,16.0,,,,,,,,0.125,,,
f_cultural_overconstraint,reserve_0_1250,Reserve fraction 0.1250,2,1218.0,1382.0,2010,824.0,0.6765188834154351,0.6748768472906403,,0.35330599999999995,0.031114633333333332,0.12197063333333331,0.8780294000000002,0.8524870333333335,0.14751296666666666,300.0,16.0,,,,,,,,0.125,,,
f_cultural_overconstraint,reserve_0_2500,Reserve fraction 0.2500,0,1221.0,1446.0,2017,1249.0,1.022932022932023,0.9254709254709255,,0.2319474333333333,0.03624993333333333,0.2197774,0.7802225999999999,0.8650261333333332,0.13497386666666664,300.0,16.0,,,,,,,,0.25,,,
f_cultural_overconstraint,reserve_0_2500,Reserve fraction 0.2500,1,1219.0,1361.0,2005,1209.0,0.9917965545529123,0.9614438063986874,,0.24744123333333334,0.03189306666666667,0.22947356666666668,0.7705264333333334,0.8401635000000002,0.15983650000000002,300.0,16.0,,,,,,,,0.25,,,
f_cultural_overconstraint,reserve_0_2500,Reserve fraction 0.2500,2,1218.0,1399.0,2023,1186.0,0.9737274220032841,0.9720853858784894,,0.23854479999999997,0.0331748,0.2172071,0.7827929,0.8526056999999999,0.1473943,300.0,16.0,,,,,,,,0.25,,,
f_cultural_overconstraint,reserve_0_5000,Reserve fraction 0.5000,0,1221.0,1440.0,2017,1325.0,1.0851760851760852,0.9606879606879607,,0.20253646666666664,0.037324133333333336,0.25684296666666667,0.7431570333333333,0.8867366,0.11326340000000003,300.0,16.0,,,,,,,,0.5,,,
f_cultural_overconstraint,reserve_0_5000,Reserve fraction 0.5000,1,1219.0,1366.0,2016,1237.0,1.014766201804758,0.9958982772764561,,0.21404223333333333,0.0328744,0.30064660000000004,0.6993534000000001,0.8656895333333332,0.13431046666666668,300.0,16.0,,,,,,,,0.5,,,
f_cultural_overconstraint,reserve_0_5000,Reserve fraction 0.5000,2,1218.0,1415.0,2058,1243.0,1.0205254515599342,1.0,,0.20844640000000003,0.03511683333333333,0.26611273333333335,0.7338872666666666,0.8710128666666666,0.12898713333333334,300.0,16.0,,,,,,,,0.5,,,
f_cultural_overconstraint,reserve_0_7500,Reserve fraction 0.7500,0,1221.0,1448.0,2017,1316.0,1.0778050778050778,0.9836199836199836,,0.20674720000000002,0.03580233333333333,0.31558330000000007,0.6844167,0.8676685333333333,0.13233146666666668,300.0,16.0,,,,,,,,0.75,,,
f_cultural_overconstraint,reserve_0_7500,Reserve fraction 0.7500,1,1219.0,1380.0,2020,1268.0,1.0401968826907302,1.0,,0.20905466666666664,0.0327803,0.33887663333333323,0.6611233666666666,0.8577804666666666,0.14221953333333334,300.0,16.0,,,,,,,,0.75,,,
f_cultural_overconstraint,reserve_0_7500,Reserve fraction 0.7500,2,1218.0,1418.0,2085,1256.0,1.0311986863711002,1.0,,0.2186928666666667,0.034440066666666665,0.2736057333333334,0.7263942666666666,0.8749033999999999,0.1250966,300.0,16.0,,,,,,,,0.75,,,
f_cultural_overconstraint,reserve_0_9000,Reserve fraction 0.9000,0,1221.0,1448.0,2017,1365.0,1.117936117936118,0.9778869778869779,,0.19234883333333336,0.035671800000000004,0.31009176666666666,0.6899082333333335,0.8748395333333334,0.12516046666666666,300.0,16.0,,,,,,,,0.9,,,
f_cultural_overconstraint,reserve_0_9000,Reserve fraction 0.9000,1,1219.0,1380.0,2020,1217.0,0.9983593109105825,0.9975389663658737,,0.20442986666666668,0.033246200000000004,0.29894526666666665,0.7010547333333333,0.8713303,0.1286697,300.0,16.0,,,,,,,,0.9,,,
f_cultural_overconstraint,reserve_0_9000,Reserve fraction 0.9000,2,1218.0,1408.0,2034,1253.0,1.028735632183908,1.0,,0.20727099999999998,0.03455676666666667,0.27482140000000005,0.7251786,0.8748170333333333,0.12518296666666667,300.0,16.0,,,,,,,,0.9,,,
f_cultural_overconstraint,reserve_1_0000,Reserve fraction 1.0000,0,1221.0,1448.0,2017,1365.0,1.117936117936118,0.9778869778869779,,0.19234883333333336,0.035671800000000004,0.3101289666666666,0.6898710333333334,0.8748395333333334,0.12516046666666666,300.0,16.0,,,,,,,,1.0,,,
f_cultural_overconstraint,reserve_1_0000,Reserve fraction 1.0000,1,1219.0,1380.0,2020,1217.0,0.9983593109105825,0.9975389663658737,,0.20442986666666668,0.033246200000000004,0.29894526666666665,0.7010547333333333,0.8713303,0.1286697,300.0,16.0,,,,,,,,1.0,,,
f_cultural_overconstraint,reserve_1_0000,Reserve fraction 1.0000,2,1218.0,1408.0,2034,1248.0,1.0246305418719213,1.0,,0.2072459,0.034178966666666664,0.2727058333333333,0.7272941666666667,0.8755174666666666,0.12448253333333334,300.0,16.0,,,,,,,,1.0,,,
g_institutional_learning,no_learning,No learning,0,1221.0,1410.0,2010,0.0,0.0,0.0,2059.0,0.0,0.0,0.0,0.0,0.0,0.0,300.0,0.0,,,,,,,,,none,,
g_institutional_learning,no_learning,No learning,1,1219.0,1361.0,2005,0.0,0.0,0.0,2055.0,0.0,0.0,0.0,0.0,0.0,0.0,300.0,0.0,,,,,,,,,none,,
g_institutional_learning,no_learning,No learning,2,1218.0,1375.0,2010,0.0,0.0,0.0,2059.0,0.0,0.0,0.0,0.0,0.0,0.0,300.0,0.0,,,,,,,,,none,,
g_institutional_learning,slow_learning,Slow regional learning,0,1221.0,1411.0,2010,625.0,0.5118755118755118,0.2932022932022932,2068.0,0.18149386666666667,0.04586186666666668,0.14727046666666663,0.8527295333333331,0.8748959,0.1251041,300.0,16.0,,,,,,,,,slow,0.463542,0.5
g_institutional_learning,slow_learning,Slow regional learning,1,1219.0,1361.0,2005,852.0,0.6989335520918786,0.47087776866283837,2084.0,0.1874525333333334,0.04037783333333333,0.1924739,0.8075261,0.8641146000000001,0.1358854,300.0,16.0,,,,,,,,,slow,0.442708,0.5
g_institutional_learning,slow_learning,Slow regional learning,2,1218.0,1375.0,2010,962.0,0.7898193760262726,0.4909688013136289,2088.0,0.19269826666666667,0.04113843333333334,0.22696889999999997,0.7730311,0.8547623666666665,0.14523763333333334,300.0,16.0,,,,,,,,,slow,0.447917,0.5
g_institutional_learning,fast_learning,Fast regional learning,0,1221.0,1412.0,2010,1055.0,0.864045864045864,0.5692055692055692,,0.18250933333333336,0.04439470000000001,0.2279883,0.7720117000000001,0.8795320333333334,0.12046796666666665,300.0,16.0,,,,,,,,,fast,0.739583,0.75
g_institutional_learning,fast_learning,Fast regional learning,1,1219.0,1361.0,2005,1164.0,0.9548810500410172,0.7178014766201805,,0.2167847,0.03925073333333332,0.22435080000000002,0.7756492,0.8461548333333332,0.15384516666666667,300.0,16.0,,,,,,,,,fast,0.697917,0.75
g_institutional_learning,fast_learning,Fast regional learning,2,1218.0,1375.0,2010,1238.0,1.0164203612479474,0.7561576354679803,,0.1890978,0.033681633333333336,0.27895053333333336,0.7210494666666668,0.8696764000000001,0.13032359999999998,300.0,16.0,,,,,,,,,fast,0.666667,0.75
g_institutional_learning,preadapted_025,Preadapted reserve 0.25,0,1221.0,1446.0,2017,1249.0,1.022932022932023,0.9254709254709255,,0.2319474333333333,0.03624993333333333,0.2197774,0.7802225999999999,0.8650261333333332,0.13497386666666664,300.0,16.0,,,,,,,,0.25,preadapted,,
g_institutional_learning,preadapted_025,Preadapted reserve 0.25,1,1219.0,1361.0,2005,1209.0,0.9917965545529123,0.9614438063986874,,0.24744123333333334,0.03189306666666667,0.22947356666666668,0.7705264333333334,0.8401635000000002,0.15983650000000002,300.0,16.0,,,,,,,,0.25,preadapted,,
g_institutional_learning,preadapted_025,Preadapted reserve 0.25,2,1218.0,1399.0,2023,1186.0,0.9737274220032841,0.9720853858784894,,0.23854479999999997,0.0331748,0.2172071,0.7827929,0.8526056999999999,0.1473943,300.0,16.0,,,,,,,,0.25,preadapted,,
